citi palma mallorca;1238480264
econom space;1746120324
concret;1976854280
european citi;2115291200
digit;3968558076
risk;21236916861
rise;8522850797
nation-st;1492304672
quantif;1711509605
econom sector;1376931012
govern;16928416108
affect;3099656772
fractal;10459015465
quantit;6505472672
vast;3303434833
school;4399126200
scholar;1953781208
vector;2634406577
coeffici bilater trade;1353856068
speci;3626392345
geomorpholog;2346013664
direct;5486967701
consequ;9971180364
second;17638360337
street;5652244128
chang urban;1292322528
aggreg;3191934332
aim;22038487456
dialogu;1573065125
neg;6255663709
asia;2326787049
new;61753902612
topolog;3245762368
elimin;1553836520
men;3322658940
french geographi;1238480272
china;3030447868
malmö;1373085201
old one;1361547724
path;4925769205
interpret;7224106745
urbain;2299869732
gentrif;2134518385
high level;2053764000
naturel;2169127088
precis;2757450789
road network;4679750873
studi;74314938812
controversi;3257296897
fractal dimens;4106957732
propag;2499824600
complex spatial;2061454932
new spatial;2215271808
theori urban;2234498697
decis make;2903563145
total;2422919520
unit;16260622152
describ;5721428452
mexico;2284488376
trend urban;1376931008
applic such;1288476665
call;1853797068
recommend;1680744393
decentr;4003158229
indigen peopl;1238480264
type;24718704489
liber economi;1238480264
econom chang;2146054608
relat;25956872304
aid project;1238480264
farmers’ practic;1453846980
warm;2768986084
adult;1261555568
agricultur polici;1538453612
central place;3880134809
word;4014691600
cellular automata;2488288893
generalis;3188089529
work;33136428768
conceptu;4568271052
first time;3714818688
era;1430772268
econom develop;2169127084
periurban;1784576488
climat;15193561492
give;2830507328
household;13826883840
india;1980699785
spatial chang;2730535044
indic;36849876292
territori includ;1238480264
present-day;1484613128
attract;5287093633
street network;3268831440
geograph data;1738429076
end;9948132276
travel;4391437676
classifi;1796113289
how;1376931008
residenti mobil;1315397668
disappear;1573065129
technic network;1376931032
interview;3576411732
gate;8891683265
negoti;2484443660
perspect;4452945408
polit;20696094776
energi consumpt;1849951497
gener trend;1380776825
chines;1265401445
modest;2119136637
geolog;1834569197
law;8811002692
demonstr;2261416248
scarc;1592293680
attempt;5225592829
third;5413937416
spatial represent;1561527972
rich countri;1649979049
dispar;2334477705
environ;18843190301
incorpor;2272952313
exclus;2553657700
order;37703319793
wind;4383749208
oper;12329389852
composit;6282566624
feedback;1873024893
new method;1669207400
indigen territori;1238480264
offici;3195779197
map indigen;1238480264
use geograph;1511533413
appar;1973008773
spatial analysi;5544622676
japan;1765348465
vari;2384466680
urban polici;2261416252
m.r.u;1846105932
better;3561033008
offic;4053135944
journalbas;1453846972
persist;2888183041
comprehens;2342168325
anim;3099656784
tourist;2995843165
fragment;3080432133
enrich;2157590853
european scienc;1923017008
disturb;1734583437
use geograph inform;1511533413
tourism;5617651713
choic;11849359453
tendenc;5779081601
urban settlement;3095811849
spatial structur;4660530284
french geograph;2011463761
lucc;2476753200
administr restructur favor indigen;1238480264
complet;3288055545
flood discharg;4864265325
mean;13366148784
laboratori;1403851685
cartographi;4180000905
extract;1649979045
network;44045538681
gradient;1938399120
crucial;3215003528
monitor;1623059268
morpholog;10743250569
method;41207902929
land-cov;2530586412
adapt;6140364405
reader;1265401445
urban function;2299869732
linear;2069145848
situat;13277837973
urban popul;4656686161
free;2388311985
standard;5502342413
fring;1323089360
corin land;2215271820
sfax;1503841913
critic literatur;1292322532
local;43403150961
filter;1965317753
renew;3157330385
unabl;2111445765
regress;2384466680
baltic;1838414804
rang;5444687096
attract place settl;1238480264
independ;2815127064
urban structur;3426467913
wast;2503669833
capac;6405550092
spain attract;1238480264
peri-urban;1657670397
context land;1238480264
well-known socio-polit;1238480264
niger;4291486520
massiv;2622871068
primari;1869179328
strasbourg;4622089084
nomenclatur;1969163264
local popul;1619213573
evolut;24898884324
underlin;1453846968
dwell;1603830797
breez;1499996168
urban;181110606081
tool;20968428517
geograph space;1242326153
western;7792815721
médical;3860912144
conserv;8177053741
peculiar;2411383693
target;2653632364
provid;6747587157
tree;5044931312
rate;7055022685
project;20749795252
matter;1369239368
polit context;1350010233
provis;4114646488
multi-ag system;1780730873
modern;6124991025
coastal area;2011463753
mine;1642287693
vientian;1538453624
manner;2757450789
differ type;4180000889
seek;2472907917
same time;3361106840
other hand;7316332793
haïti;3484139028
latter;4902705225
spatial characterist;1846105924
senegales;1346164400
germani;1915325928
supervis;1653824724
decis role;1238480264
object;19917394645
marin;2292179060
regular;2280643013
phase;4933457073
drought;2184508700
cellular;3053517568
tradit;6440138833
sst index;1946090172
gulf lion;2419074269
simplif;1296168393
flow;6655354045
notion;8603534504
new one;1250017925
opposit;4083891264
littor;2872802901
spatial organ;1723046528
involv;4168467800
case studi;2692083800
spite;1457692745
explain;2365240185
configur;7754390877
bioclimat;1376931012
theme;1396160073
ice age;1946090172
maximum high summer temperatur;3891668288
rich;3238072668
tropic;1980699797
mangrov;2157590937
biophys;1315397664
“natur;1269247332
dh;2584419308
de;7247163441
stop;1403851697
lespace;1515379176
coast;4541361897
gate commun;4003158225
agent-bas;2072991309
report;2565193297
reconstruct;2011463757
actor polit controversi;1238480264
bay;2099909464
french urban;1780730873
indigen;4410658913
linguist;1792267712
habit;2126827497
resist;1780730877
j.m may;11576688528
respons;6044280268
drink water;1565373713
gis-mcda knowledg;1546145076
subject;8661165097
brazil;5256343309
heterogen;6132677717
databas;14629261773
figur;2530586412
drawn;1323089360
approach;48334317913
accord;20738287893
extend;3841689469
countri plan;2876647944
weak;5314000076
19th centuri;1673053065
favor indigen;1238480264
extens;5190998404
extent;4914237168
protect;8860947861
planner;3983935936
transhum;2692083884
une;5521560792
logic;5114121328
make uncov territori ideolog;1238480264
countri;42733938344
uncertainti;4633621473
natur risk prevent;1984545300
gottmann;4775852808
height;1596139389
wider;1365393549
union;6739901109
bolivian state;1238480264
three;2192199480
milieu;1292322532
accumul;1784576484
much;5609964429
interest;17266127784
basic;4956520805
basin;2976618256
life;8757215244
regul;3030447860
retrospect;1834569189
eastern;3065052397
spatial diffus;2392157268
catchment;1496150421
ident;4399126172
itinerari;1680744389
delinqu act;1730737812
servic;5559997264
properti;14329819949
commerci;6178797693
air;4203067021
employ;6590021520
calcul;4114646496
aid;2942013293
savanna;1280784945
have;2872802889
metropolitan;11123494252
applic;22441157645
player;3680217253
natur resourc;1561527968
espace;2119136665
sever;20354704301
dri;2226807953
inventori;2026845717
perform;3357262057
make;11277122412
indian ocean;1246172044
complex;39937876885
european;26451314665
interact model;1303860105
evid;4007002664
local scale;2599800008
hand;12694192041
suburb;4110802125
tuni;2088373133
squar;2299869768
scenario;5237124268
thu;2099909448
transport network;2161436276
ocean;3983935936
qualit;1976854284
cet articl;1742274693
programm;1511533413
jean;2911253229
paradigm;3226538117
way life;1292322532
identifi;3130416088
africa asia;1238480264
great inequ;1265401445
nowaday;3349572473
telework;1615367940
human;12398511712
develop trend;2768986092
morpholog indic;1957626733
languag;2669012964
metropoli;1661516064
easi;1357701893
character;3288055549
emphasis;1426926473
spread;5156403853
board;1792267688
east;2592109644
explanatori;1957626725
amazonian;1557682249
status”;2722844832
preserv;4837357228
leisur;1342318565
immigr spain;1238480264
background;1284630800
elabor;4825825157
measur;12475312868
specif;19153958364
discontinu rural-urban relat;1238480264
intensif;1499996160
graviti;2019154737
delinqu;2307560424
underli;3549498953
right;1788422085
old;8415271233
deal;7151093652
demploi;1261555592
percentag;1473075833
new approach;3472604797
heritag;5436999712
elderli;1403851689
sprawl;7458512380
cooper;2280643013
peripheri;4287642185
ice;2111445769
dehesa;2099909508
condit;12974501444
core;4983428456
first section;1746120320
country’;2522895972
promot;3599479732
spatial scale;1834569189
chronolog;3261141760
region level;2522895972
literatur;5767551012
surround;3757109189
simul;17580799920
urban centr;1330781048
commit;1499996160
present paper;1496150405
anthropolog;1319243513
produc;4356839341
civil;3015068004
profession;1446155408
sol;1384622644
son;2126827493
physic plan;1742274705
resili;3080432169
coastal;9902035892
opportun;3111191525
storag;1326935209
fabric;3199624072
suffici;2284488360
support;10220863645
transform;11799434500
nation level;1430772264
avail;8880157464
way;30302224212
war;3857067597
analysi;64316653848
medium;2057609465
form;16540795885
offer;4441412745
forc;2480598413
analyse;2269106968
peninsula;1488458889
heat;1476921612
solar;2065300393
dynam boundari;1238480264
yangtz delta;2918943237
true;2757450789
intern;12870826597
absenc;3541809573
fundament;3603324389
retir;1546145064
classif;8668849205
featur;9767586229
classic;8930102153
exist;12498353076
trip;1857642645
south africa;2142209189
sugar;1307706000
stake;7769760785
actor;10862318828
flood;20523483921
role;21417181856
test;5079526377
tie;1788422089
socio-spati;2492134128
realiti;7823555477
node;1723046528
norm;1319243513
spatial organis;1426926473
complex pathogèn;2895873105
intens;4045447064
znieff;2576728920
consid;5433155977
great potenti;1330781052
cnr;1253863808
spatial arrang;1369239372
geometr;1707663960
time;52082070668
daili;5894386553
corpu;1388468457
slope;1250017929
concept;22349120717
develop aid project;1238480264
chain;1242326153
domest;1273093193
global;14514093221
focus;3914735288
signific;13412223596
hierarch;6232603981
21st;2545967264
middl;4991116332
depend;5736802668
zone;18010574204
graph;8349954400
proxim;8184738277
intermedi;1380776829
environment;19790800204
few short year;1238480264
field urban;1330781048
decis;14832721700
que j.m;1930708068
market failur;1784576484
sourc;6736058076
exact;1388468453
water resourc;1334626905
esdp;2122982124
administr;9863621912
level;46901182264
restor;1473075837
democrat;2334477693
iter;1980699789
purchas power;1665361733
gis-mcda;2576728920
prevent;6843662180
trend;18862373964
cost;8296163468
studi urban;1923017000
port;6075027448
precipit;2422919524
xxth;1723046536
géographique;2199890276
peopl live;1373085193
favour;2026845693
current;8876315533
fifti;1438463840
gener;23001024065
coeffici;3772487517
french;32573505153
water;18509388060
modif;3253452052
twentieth;3780176645
differ spatial;1634596325
approach vulner;1523070660
canadian;2230653324
shift;6578492157
thirti;1849951493
extrem;1861488200
orient;4452945456
semant;2534431633
prefer;1561527968
instal;1446155408
immigr spain differ;1238480264
mobil;27670030093
market;13819205096
product system;1696127017
seneg;3115036452
wealth;1853797068
spatiotempor;1926862537
public author;3607169052
univers;7669855333
live;8791792925
criteria;4887329273
scope;1823032440
nature/societi;1707663964
today;6178797689
capit;7028122588
afford;3215003552
peopl;14091793333
intern migrat;1280784945
downtown;1923017004
ambulantaj;1738429088
visual;2695928941
examin;2803591857
effort;2884338004
uncov territori;1238480264
graphic;4456789657
irrig perimet;1719200901
car;3068897336
statist method;1934553593
uniqu;1884561560
20th centuri;1957626725
purpos;7254848889
claim;1842260345
stream;1630750652
predict;3045827668
agent;5436999720
topic;2680548389
critic;6974322116
agenc;4449101193
evolutionari theori urban system;1796113293
occup;3095811845
swedish;2015309244
differenti;4360683604
multipl;3830155848
viewpoint;2449836389
economi;3903201793
write;3518741405
french agenc;1534607865
maximum high summer;3891668288
map;46755942452
product;21915764640
better understand;1242326153
may;12890026032
broad;1288476665
spot;3134260989
usabl;4668218528
climat condit;2638251732
date;3341882885
such;41139051617
data;63512077961
grow;7350917284
j.m;11868561512
flood hazard;3799399460
practic;23303947776
brussel;2157590869
ideolog;2419074249
inform;39823104481
combin;11111971925
african;2084527668
se;2707464324
shield;1250017925
spatial inform;1403851685
offic niger;1719200901
yogyakarta;1369239392
estuari;1426926477
remot sens;1942244649
cold;2638251740
rapport;1273093197
dynam;36861357837
entiti;3288055545
reinforc;2065300389
group;14226164096
thank;4060824768
forme;1903789317
polici;28060895713
russian geographi;1369239392
platform;1730737812
farmer;4606712568
main;24941053353
twenti year;1857642633
non;3165020157
financi;4541361897
automobil;1834569201
initi;8234687668
nation;24864382153
answer;1403851685
aesthet;3091966964
war drug therefor;1238480264
discuss;5071838589
introduct;1611522185
abrupt point;1946090172
term;22836136324
name;2742070373
high summer;3891668288
drop;1569219408
separ;2311405733
countrysid;1407697492
updat;2322941724
human activ;2707464344
domain;1657670393
individu;15684889120
littl ice age;1946090172
redistribut;2684393540
year;29884661009
dispos;1326935217
neighbourhood;8922418441
scientif geographi;1284630812
canada;1649979045
géographi;6859034060
space;74688083964
profit;3434157425
methodolog framework;1611522185
social space;1565373689
profil;3330348512
internet;4718191741
sensor;1953781216
correct;1784576480
diseas;6958950496
migrat;5014179964
collect action;1323089364
contain;1434618053
high summer temperatur;3891668288
town plan;3480294269
theori;16256784129
differ scale;2772831173
span;1438463840
unpredict;2019154729
tunisia;1669207404
care;2396002557
frequenc;4591335984
spain attract place settl;1238480264
turn;3222693248
data analysi;1965317753
place;38380646432
principl;6148051069
think;1773039653
frequent;2972773253
first;35050811664
origin;12168103096
agricultur;12068257232
one;9583194225
spanish;3115036440
vote;3580256425
open;6297939652
size;7792815717
multi-scalar;1326935221
district;6255663713
citi;90536581369
averag;2684393532
circl;2046073076
domino effect;2019154765
national;1792267696
faso;1350010237
provinc;4053135932
season;2942013289
logist;3518741397
domin;3741730869
wide;8672691212
risk manag;3353417276
sustain urban;2634406569
rural area;2272952313
posit;13984294957
micro-level;1288476665
other word;1526916389
russia;4825825205
seri;7377816197
prospect;2272952325
sahel;2692083812
argument;3468760064
delin;4295330901
rent;1849951493
sar;3111191553
fertil;1657670405
techniqu;8276952325
note;1938399120
satellit;6958950472
global level;1265401445
take;9152928297
exploratori;3330348488
coeffici bilater;1353856068
channel;2476753176
surg;4745100324
begin;9206712913
price;25887878200
lyon;2476753164
polycentr;2111445781
america;2957393285
synthesi;1638442008
residenti area;1938399132
adopt;4160779064
drive;1338472728
quantiti;2419074249
nuclear;1307706000
grassland;1499996168
senior;3038137784
shop;1719200905
shift popul;1692281360
show;11280963065
natur disast;2161436272
geographi;35062296937
threshold;1576910840
contemporari;3849378533
ground;3668683336
sea surg;1246172044
natur conserv;1342318565
onli;5048775177
ratio;3222693276
gulf;3587945773
activ;39761892041
crime;6455511641
wood;1792267692
black;1542299349
analyz;3757109189
différent;1361547728
public space;2857422729
analyt;4564426893
analys;9268180557
dissimilar;1823032444
variou;19832998485
get;3372641193
secondari;3257296893
ssh;1923017008
requir;1999927284
latin america;1865333765
reveal;7554578093
decolon;1380776825
régional;2722844848
twentieth centuri;3230382972
scientist;2561348088
real estat;3649460181
vision;3257296889
maximum;6951264648
surfac temperatur;1326935205
reserv;1576910844
concern;9971180368
american geograph;1350010233
detect;3841689485
innov;9379589480
review;3257296889
modèle;1415389112
estat;4768164576
other geograph factor;1238480264
reclu;1992236308
between;1919171465
import;25351231096
assumpt;2834352389
infrastructure;1476921624
facteur;3860912132
archaeolog;2595954853
cycl;2342168329
legitimaci;2222962568
come;2219117189
reaction;2749760601
économique;1265401453
region;62818012097
bolivian;2476753168
contract;1450001189
nearbi;1419234889
mani;23215756033
emiss;1630750644
model specif;1503841917
southern europ;1373085201
period;14210807584
effect globalis;1238480264
exploit;3430312676
nation govern;1984545300
metropolitan area;5460061900
autonom commun balear;1238480264
aerial;1307705964
coloni;3376485976
damag;2015309248
consequ full;1238480264
coupl;2626716237
resort;2495979389
west;2807436920
dispos famili;1326935217
hous market;3614858380
resolut;1596139389
choluteca;1984545348
catastroph;1953781220
former;7915774053
case;15350943325
longitudin;1265401449
long-dist;4737412176
ayllu;2476753168
outcom;2749760585
rank-siz;2361394888
farmers’;1453846980
margin;1426926485
maximum high;3891668288
first part;3472604793
meadian;1311551849
advantag;4833513189
soil;1969163264
metric;1276939064
uncov;1473075833
destin;1996081789
cluster;8822528561
model urban;1634596325
socio-econom;8422955529
long term;1688435705
everyday;5044931312
develop;78429892353
author;17734293520
media;2857422713
medic;6182641068
econom;40098554921
same;14087954108
epoch;1284630800
urban plan;3453381132
ecolog;10896886729
document;4060824780
oil;2615180752
social use;2569038512
driver;1411543293
fruit;1334626889
model applic;3257296901
improv;6463197901
extern;3737886268
etm+;1669207412
appropri;4426035849
macro;1619213573
model;101246076888
urban regener;1269247320
summer;5402406285
intang;1253863808
rest;1823032440
aspect;5633026085
speed;6509315917
21st centuri;2003772773
concentr;9248971996
polar;1711509605
europ;14134024440
spatial context;2315251064
identif;3622547664
instrument;4483699096
bloc;1926862537
treatment;2799746776
vulner;9640817380
earli;3399554600
échell;2330632380
hypothesi;8914734617
read;2526741217
cost urban;2242189437
such approach;1565373689
regim;2222962576
temperatur;8323058961
traffic;5721428488
world;14226164120
urban sprawl;6324842413
burkina faso;1350010237
citi core;1599985092
benefit;2565193289
colon;1450001201
manag;23047038729
são;4672062649
cybergeo;1492304648
constitut;6989693728
popul densiti;3388020301
characteris;2607490372
definit;14233842376
localis;1257709693
landscap;22728765692
pioneer;1726892165
refer;11211830793
themat map;1273093193
metropolis;2088373125
power;11849359497
sixti;1853797064
ration;1696127013
differ geograph;1665361733
geograph inform;8303847848
comparison;6413236508
includ territori discontinu;1238480264
central;21198561973
island;8641954984
side;4041602649
degre;5056462989
urban center;1619213577
agglomer;6332528917
act;3138105912
industri;14183933589
road;11718786037
effici;5905916944
elementari;2303715073
urban develop;5317843833
surviv;1400005884
use map;2926633257
social use space;1926862545
everyday life;2961238304
area;107642908553
percept;6090400892
strict;2015309240
interfac;4541361901
low;6958950472
lot;2346013640
brazilian;2945858304
last decad;3699440264
valley;2945858296
cultiv;1846105932
conclud;2918943225
regard;6532374669
diffus;10097943821
bassin;3072742409
conclus;3680217189
possibl;24273986417
spain differ scale;1238480264
labour market;1673053069
data share;1330781052
expect;2084527668
natur coastal risk;1323089364
creat;5790612168
certain;7977252433
built-up area;3111191541
deep;1419234885
flood event;3030447856
decreas;2738225264
cultur;17458002828
film;3057362577
phénomèn;2330632380
coastal risk;1826878029
land use;9579352676
event;10071054752
field;21175548853
valid;8353796469
spatial;108218988521
architectur;2457526905
poor;2907408180
structur residenti;1799958888
discours;3676372576
artifici intellig;1607676488
sequenc;1253863808
symbol;4875797344
briefli;1746120320
global estim;1323089360
urban form;1499996164
reduc;1846105920
invest;4141557189
descript;4606712536
potenti;19261381412
degrad;4391437680
urban transform;1315397668
represent;14421957197
spatial configur;1250017925
consider;7677540393
illustr;2115291200
suburban;3522586092
lack;5117965205
atlant;2111445765
correl;6132677721
abil;2207581040
follow;8146315389
settlement;6397863700
children;1311551817
content;4971896617
dairi;1896098225
land use map;1246172040
articl;36658507000
hegemon represent nation space;1238480264
program;9490996517
spain;8495956084
health;11246397216
introduc;1876870448
premium;1853797072
parcel;1507687688
song;2765141021
util;1403851685
mechan;4318396565
failur;2557502889
properti valu;6951264672
marseil;1296168393
list;4041602637
world heritag;1530762128
adjust;3518741389
price chang;1599985092
small;5406249976
occurr probabl;1946090172
geograph knowledg;3211158709
20th;1957626725
dimens;14755945076
neighborhood;6251820436
ten;1300014248
past;2845887560
biolog;3914735292
pressur;5648400497
design;4149245949
quebec;2030691196
further;4625933197
typolog;7373973508
maritim;1734583437
section;6801389337
abl;8146315389
version;2669012960
sur;4237666072
public;36291065020
contrast;3372641193
movement;5314000080
long time;1484613128
full;2215271808
pacif;1611522185
variat;6351745084
stream network;1373085201
paper present;1715355248
behaviour;6705313804
i.e;3718663289
strong;9917401324
valu;21275271485
represent nation space;1238480264
differ socio-econom;1238480264
avhrr;1457692757
larger citi;1853797064
amount;2138363768
urban geographi;1242326157
social;52062973765
action;11403863301
narrow;3461070612
magnitud;2930478268
technique;2311405773
depart;3787865773
declin;1465384293
transit;6028906700
africa;6025063293
other part;1238480264
rise number immigr;1238480264
famili;6835976312
heurist;1303860105
establish;2826662265
correspond analysi;1450001189
select;5894386549
distinct;3807088560
liber;2892028064
le facteur;1649979049
automata;2488288893
autonom;1946090168
more;27137345744
desir;2649787205
probabilist;2384466680
spatial relat;1511533413
particular;14636939537
compani;4641309697
town;20078511889
valuabl;1573065125
hous;17231589929
outlin;1250017925
histori;9713805725
biodivers;5706054256
remain;1361547724
portugues;2019154729
learn;2961238284
abandon;1465384293
challeng;3184244568
share;3876290220
accept;2253725532
archipelago;1580756557
geopolit;1688435721
explor;4987272393
partner;4691283144
immigr spain differ scale;1238480264
cours;2599800008
goal;5852108268
secur;7958040524
land cover;4975740588
comfort;1269247360
formalis;1284630800
divis;3776332072
simpl;7028122572
regener;2484443656
plant;4595180153
infecti;1715355252
resourc;7473882980
croissance;1846105960
reflect;5817516785
associ;2772831173
polit controversi;1238480264
stabil;5156403817
short;4506764264
caus;1753811572
multivari;2138363768
help;3422623160
european scienc foundat;1923017008
trade;9452580573
radar;1453846972
thermal;4433724365
paper;67446408401
hierarchi;3537964884
paramet;4452945412
late;2653632364
spatial pattern;3664838697
good;8373007376
return;1434618053
pollut;2776676328
differ process;1476921600
framework;15170529592
data base;5798299260
inform system;8330743293
micro;1246172040
achiev;1303860105
intervent;1288476665
first result;1503841913
valuat;1796113293
mental;1242326153
weight;5264030897
time space;1623059288
idea;8192422821
procedur;2822817204
linkag;1438463840
connect;7331703693
energi;6432452521
portug;1630750644
reduct;2534431629
health map;2661322688
research;37332103028
sustain;17891621437
occurr;4145401596
difficulti;9552461777
advanc;2776676264
lifestyl;1357701909
reason;6436295652
base;12586673297
teach;1696127025
turnout;1915325988
basi;8138630797
veloc;1469230076
viewsh;1453846980
american;3672527957
major;15715595972
methodolog approach;2061454928
exchang;1699972664
number;18041271308
well-known;1719200889
econom activ;1584602264
stabl;1711509605
north-east;1780730885
differ;77436578832
spatial mobil;1553836524
health data;1330781052
decision-mak;2369085488
interact;20857194832
contact;1515379164
construct;11211830841
cost privat;1784576484
station;5340906453
storm;1842260345
twenti;3172709925
scheme;4575959424
option;2115291204
relationship;19165468045
wide road;2199890288
park;7692910641
pari;10159403965
process regionalis;1353856068
urban system;8857105960
göteborg;1373085201
spatial dimens;2326787053
exposur;5944351484
kind;7835082848
contrari;3268831400
dam;1300014252
remot;2296024397
pathogèn;2895873105
bridg;1511533425
arrang;1849951497
toward;7266377172
cost privat govern;1784576484
paysage;1311551841
comput;6190327660
atmospher;1984545296
cgdi;5321687712
capita dispos;1326935217
system citi;1253863808
pedestrian;5790612264
mountain;4499075936
built;1823032444
equival;1938399120
labour;2130672924
build;14525610176
research program;1296168389
play;2280643013
distribut;20473617404
complex system;4856577313
previou;4164623437
urban dynam;2526741197
prolifer;1553836520
plan;36478616201
network pattern;2480598429
import capitalist;1238480264
charg;1619213573
point view;4141557189
clear;1896098213
cover;11192627316
part;34476549356
neg trend;3314969276
enclav;4145401580
sector;7777445793
local author;2207581052
commerc;1303860117
humid;3345727692
phenomenon;7262534417
multicriteria;1953781212
que j.m may;1930708068
find;4022380448
region scale;2076836764
impact;11588209801
cell;1442309625
northern;4003158237
flood frequenc;1946090172
solut;3776332068
spatial distribut;3472604805
technic;6351745092
experiment;2607490372
factor;27857801348
city’;1326935209
long-dist commut;4145401652
financ;2480598405
mainten;1584602264
ambiti;2507515068
surfac area;2499824604
scienc foundat;1923017008
bolivian and;1238480264
synthet;3007378072
rainfal;2715154584
autocrat state;1238480264
common;5663774865
river;7593004129
seventeen;1523070648
set;18689719757
art;2015309252
signific price;1784576484
lion;2657477541
climat chang;2457526913
sea;9172137188
close;5463905573
posit trend;2918943237
water vole;1546145068
analog;1396160077
expert;2695928933
someth;1461538528
particip;2980463233
debat;4733568005
cartograph;6989693744
urban morpholog;3022757944
restructur;2965083273
particulièr;2707464324
empir studi;1661516064
hold;1238480268
experi;11085086624
altern;5990472612
latin;2338323008
urban grid;1330781052
effet;4064669277
numer;5575371804
environment conserv;1753811576
isol;1953781212
rapid;3018912965
dynam process;1465384293
consumpt;2030691172
solv;1773039657
model activ;1953781232
complementar;1350010233
popul;41762513884
autonom commun;1238480264
pôle;2015309292
recherche;1250017945
last;19633512973
delimit;2357549573
annual;3434157425
tempor;8276952301
approche;1484613136
context;28114542205
long-term;1250017925
hillier;1996081797
whole;9160611837
point;22049992661
littl;6267193528
suppli;4879641345
becom;3887823753
territori;37290005245
due;9141402976
approach urban;1680744389
strategi;10992907660
firm;2442145877
compte;1588447985
fire;6274880156
mind;1603830789
imag;21190890921
gap;4441412757
coordin;1526916389
understand;17143325280
demand;2807436920
educ;4299175120
look;3426467913
histor;12813228828
error;3926268797
outskirt;1638442012
national franc;1476921608
real;12709551721
centr;8676533229
rio;2030691172
pathogen complex;2895873105
centuri;21367321789
spatial data;2580574081
minim;1369239368
new locat;1607676492
belong;1907634848
territori includ territori discontinu;1238480264
suburbanit;1730737812
grand;1361547724
daili mobil;2653632376
conflict;5098745812
higher;9029990585
commune;1769194084
optim;2576728884
differ categori;1523070648
wherea;2888183033
mexico citi;2284488376
moment;2284488364
temporari;1515379160
user;7008908165
robust;1842260345
chang;50370797496
recent;11899284056
lower;2703619197
person;2096064005
elev;2219117201
grid;7335546456
academ;5452374500
natur risk prevent polici;1323089364
propos;5175623048
explan;2830507328
time squar;1692281400
collabor;4010847153
shape;3807088560
unesco;1319243513
continent;1315397664
civil societi;1849951497
theoret;9740696012
segreg indic;2165281697
endogen;1515379164
input;2957393285
vendor;1261555584
format;5233280453
big;2665167813
bia;2026845689
game;5348594089
geograph factor;1461538520
hedon price;2180663293
bushfir;3107346632
characterist;17968365241
formal;3445691660
local govern;2019154729
success;5925134229
confront;3953180168
import role;1303860105
rehabilit;1476921608
manifest;1346164400
heart;1257709689
collect;6148051073
princip;3180399693
popular;2899718124
natur risk;2645942072
agent-bas model;1530762128
epidemiolog;2319096393
creation;4237666068
urgent;1742274693
sampl;3176554820
origin data;1296168389
process urban;1680744389
scale;37898488364
prevent polici;1323089364
tsunami;1534607889
mathemat;2492134128
larg;15784686028
be;10593452168
land-us;2126827493
work place;1776885276
provinci;1334626889
capit citi;1715355248
agreement;1253863808
bu;2861267872
step;5563840917
constraint;7485410917
materi;4641309733
prove;1815341264
posit tendenc;1946090172
méthode;1434618085
revolut;1684590060
modal;2076836760
pertin;2396002553
predat;3314969304
emphasi;2957393285
urban chang;2176817888
interest stake;1396160073
irrig;3238072692
artifici;3726352485
administr restructur;1238480264
durabl;1546145076
infecti diseas;1715355252
implic;1830723612
institut;6232603977
question;22675079560
geograph inform system;6470884237
long;5575371804
includ;8814844613
cross-bord;2230653328
specif area;1603830789
european countri;1949935693
pastor;4364527901
risk prevent;2384466692
phénomèn de;1553836524
link;8426797676
translat;1442309629
delta;3772487505
russian;3676372632
line;2169127080
war drug;1238480264
consist;3691751040
high purchas;1238480264
bilater trade;1353856068
contin;1511533413
field crime;1484613132
highlight;4479854885
similar;4318396557
landsat;2842042509
groundwat;2053764060
constant;2230653320
set actor;1238480264
agricultur practic;1719200893
repres;6032750089
past decad;1284630800
cotton;1430772276
paradox;3034292821
french citi;2319096393
logist model;1442309629
department;3484139028
mc-sdss;2061454952
present-day andean territori;1238480264
draw;2680548389
satellit imag;4279953577
commun balear;1238480264
urban growth;6874405860
shrub;1369239372
land;48880746544
algorithm;1876870452
control region shift popul;1238480264
age;5148716125
confirm;1296168389
histor object;1926862545
social scienc;1726892165
essay;2084527672
partial;2615180720
edg;3395709833
broader;2249880165
nation space;1776885264
go;2445991128
cognit;3634081637
gi;9318122680
compact;1642287689
privat;10981385305
young;1688435717
evolutionari theori;1796113293
sens;7481568264
wave;1300014252
québec;1619213589
geopoli;1569219420
volum;3672527949
disast;5106433584
relev;11891603368
analysi map;1238480264
tri;3261141728
new urban;1403851689
flood risk;1653824724
geograph;65250765769
barbari;1626904965
develop aid;2476753168
représentation;1630750660
vehicl;1638442032
impli;1738429064
visualis;1388468453
agrarian;1769194044
bogota;1576910856
natur;35755178968
mediterranean;4337618016
crop;4464478097
focu;5579215433
video;3830155944
observ;13116571985
zu;4645153920
fonction;1942244649
compat;1473075833
index;14755945132
compar;11630455216
small town;1661516064
access;22138198468
19th;1673053065
indian;3668683332
hous price;1538453600
capital;2215271868
bird;3111191549
scale observ;1549990793
perimet;3883979256
consolid;1292322528
bodi;2222962572
vertic;2111445789
residenti;15942055429
great;9126035856
larger;6247977137
technolog;5002648141
corin;6643824912
converg;2372930789
territoire;2196044901
survey;11292485116
excav;1303860109
implement;11833997973
video game;3572567141
maker;1446155412
intern develop aid;1238480264
vole;3899357324
writer;1703818317
danger;2918943269
appli;1830723608
foundat;3103501697
inequ;4668218480
sea-surg;1723046544
residenti segreg;2680548405
hedgerow;2742070413
lima;1530762140
causal;2176817896
use;84839380896
commun;24101459308
contribut sorr;1930708068
few;11277122408
busi;1573065125
residenti space;1319243513
commut;8534377232
sorr;8684217369
control region;1238480264
environment plan;1415389092
rare;1630750640
drug therefor;1238480264
women;3357262125
account;13585001473
rice;2303715069
gabriel;3991624908
pour;1738429064
socioeconom;2530586412
meet;1569219432
control;11181105161
urban space;10831591728
process;45433359904
tax;1246172064
built-up;4060824804
high;18781802469
surfac;15024659944
hiv;1480767369
urban environ;1350010233
anthrop;1515379160
forest;6051967080
democraci;1630750648
stock;4030069340
express;3007378068
farm;9540937136
great varieti;1292322528
hazard;9771427720
hydrolog;2799746780
attent;3922424280
ethnic;3430312676
topograph;1849951505
physic;8257741152
villag;4395281961
alloc;1738429064
essenti;3618703025
balear island;1238480264
light;2922788240
correspond;4887329273
element;8657323096
issu;17404278176
graph theori;1807650080
territori discontinu;1238480264
allow;2918943225
academ geograph;1296168389
insight;3595635065
meter;1307705964
evolutionari;2757450801
epistemolog;2011463761
le;7066551312
outer;1961472244
lo;1573065125
water manag;1726892177
infrastructur;6459354736
decad;10712522897
therefor;5713741328
preval;1911480397
greater;6417079697
hedon;2645942052
dan;3295745201
overal;2872802889
strateg;3645615532
mention;1849951493
attract place;1238480264
front;1969163276
littl ice;1946090172
day;1534607869
interurban;1530762128
februari;1288476665
mode;3760953772
second part;2918943225
societi;11814796088
intellig;2968928268
road network pattern;2199890288
cross-bord health;1330781052
fluctuat;1715355248
special;8545903357
variabl;12486833025
matrix;2876647936
frontier;2422919520
influenc;15423875348
discharg;5406250008
categori;6182641024
agricol;1703818325
suitabl;2622871064
rel;5029555608
commun balear island;1238480264
privat govern;2676703260
statist;19932739297
franc;19817653685
southern;4218444433
land price;5148716193
que;3672527957
qui;2707464324
organ;10501267084
port citi;1384622664
segreg;14629262017
elector;1653824740
length;1807650084
organis;6920521212
retail;2603645225
south;6797546296
résultat;1357701897
softwar;7961882941
burkina;1699972668
qualiti;9913559981
western europ;2445991140
area urban;1453846968
facil;1999927288
control region shift;1238480264
cost urban sprawl;1784576484
start;3530275488
unknown;1688435705
guiana;4199222736
system;64762755253
their;1849951493
level exposur;1423080684
final;5986629193
pathogen;4825825185
prone;2157590877
crucial role;1246172040
fuzzi;7888877260
methodolog;23070045745
urbanis;3864756649
price premium;1784576484
photograph;2845887620
medic geographi;5790612228
structur;41888729825
charact;2246034800
sweden;2976618256
corin land cover;1476921604
result;59174985420
partnership;2038382124
hierarch structur;1869179332
tide;2219117193
such model;1834569189
immigr;3388020313
coher;3691751044
tabl;2922788252
need;9521729213
use space;1926862545
border;4821981192
last twenti year;1857642633
diverg;2080682225
water level;1269247328
accuraci;2476753160
discret;1480767373
last twenti;1857642633
summer temperatur;4864265325
divers;9733013080
singl;3245762360
evolutionari theori urban;1796113293
map ayllu;2476753168
preliminari;1715355248
studi area;3618703021
segment;1323089364
class;6820604260
homogen;4476010684
parisian;1496150405
stronger;2038382120
face;1799958888
capita;1492304660
determin;9598560393
constrain;1288476665
fact;11200308688
cultur geographi;1246172044
text;3207313804
risk prevent polici;1323089364
social network;1330781052
bring;4106957692
french guiana;3376486012
empir;9202871184
natur hazard;2765140997
economist;1903789305
locat;31459018496
ngo;2380621393
dispers;3745575444
citi size;1596139389
disciplin;5575371812
inhabit;8845580181
discontinu;3910890829
urban mobil;3130416108
equilibrium;2176817892
move;2545967264
contribut;12145061876
public health;1888407113
bear;1596139389
increas;20442930284
european union;6182641024
são gabriel;3991624908
triangl;1326935217
enabl;5083370268
space-tim;4126179665
upper;2899718124
integr;12767150292
wish;1457692745
view;6770645269
conform;2253725552
actor polit;1238480264
smooth;1546145064
frame;4076202448
knowledg;16817121341
terrain;1742274697
complex present-day andean territori;1238480264
statu;1888407113
reform;1830723612
pattern;18547756676
boundari;3891668264
tend;1711509605
migrant;1484613152
favor;2711309445
state;19242198913
characterist hous;1380776825
develop countri;2472907937
censu;5363968929
progress;4064669193
theori urban system;1796113293
amen;2949703293
job;3564877721
entir;1438463840
key;4218444401
differ urban;1707663960
addit;9694598272
intern develop aid agenc;1238480264
etc;1450001189
didact;1657670393
potenti model applic;2768986092
comment;1842260349
jean gottmann;2653632400
wall;1811495673
complementari;3018912965
walk;2422919560
respect;3430312664
french govern;1588447977
insuffici;1330781048
compon;8887841276
trajectori;3141950801
immedi;2030691172
stakehold;4056980361
presenc;6832133205
municip web;1442309637
neighbour;2699774064
urban landscap;1388468453
plausibl;1450001189
present;21060482685
plain;1573065129
defin;7385501573
wild;2392157272
urban area;15135981729
layer;1811495673
purchas;1907634848
viru;1253863832
site;7950355704
multi-ag;3188089461
incom;4399126188
foreign;2645942048
rio negro;1330781052
scienc;7892719533
uniti;1388468457
mutat;2153745448
parti;4652842136
urban fabric;3199624072
cross;2765140989
member;2776676264
scale law;1361547724
ecolog appropri;1684590060
outbreak;2376776092
difficult;5171779205
competit;5117965213
spatial dynam;4683594896
expans;4091580096
drink;1565373713
old autocrat;1238480264
effect;23089218340
yangtz;2918943237
eco-fronti;3368796468
student;2419074285
expand;1749965945
center;5590746332
nevertheless;5471592957
thought;1549990793
exampl;15174368189
choos;1573065125
usual;2353704264
urban land;1253863808
distanc;12801709269
less;2338323008
diachron;1538453604
géographie;1826878193
distant;1661516068
potenti model;6686098589
systemat;1296168389
demograph;12333229953
web;9602402104
sustain develop;6885934809
politique;1357701917
other;47482113736
bibliographi;2188354109
densiti;11369297892
natur coastal;1323089364
saint-loui;3253452108
match;1465384293
time seri;3660994072
capita dispos famili;1326935217
urban sustain;1507687672
realiz;1353856064
dakar;1246172044
press;2388311977
resid;6436295672
like;5387031361
région;2768986144
necessari;7512309324
walk practic;1692281384
plan polici;3680217213
italian;1265401457
spatio-tempor;3999313764
habitat;3572567089
captur;3268831404
public polici;1323089360
phenomena;4795072889
growth;22816963153
spatial approach;1319243513
home;4210755713
transport;15224270328
système;1880716013
feder;1753811572
lead;7212578416
public transport;2207581052
activ such;1492304648
avoid;1296168389
miner;1692281372
overlap;2957393289
estim;13262479525
settl;1569219408
urban activ;2707464332
type develop;2411383701
investig;5879012653
journal;4241510429
globalis;1665361733
interdepend;1784576480
nation park;3061207476
stage;3826311309
territori discontinu rural-urban relat;1238480264
actual;9256655412
sea level;1638442012
locat activ;1996081797
statement;1646133368
own;6278723333
automat;2096064013
assess;8142473096
weather;1423080688
champ;1761502832
geograph societi;2261416252
commut distanc;1965317765
pictur;1392314268
museum;2972773397
themat;3760953768
inner;3549498977
function;23518670932
buy;1303860105
north;1596139385
géographi médical;2895873105
continu;12651952696
gain;1507687664
count;1430772264
veget;6782174320
ecosystem;2584419272
municip;8822528577
record;1476921600
limit;14993950084
problem;18286844292
evalu;9275864021
andean;1569219412
domino;2019154765
intra-urban;2172972489
circul;1434618053
structur analysi;1419234889
erih;1430772268
probabl;4622089068
contest;1469230072
former ussr;1353856068
model spatial;1350010233
detail;3507207264
virtual;2515205524
book;2984308212
futur;5390875068
varieti;6159581068
june;1746120324
regionalis;2030691180
scientif;13201045109
niveau;1484613128
reliabl;3015068016
rule;7224106761
emerg;13289356852
locat urban;1769194044
rural;9560144909
decemb;1411543289
