""	"0"	"0"
"17200218633560977223"	"0"	"0"
"17597256972498235486"	"0"	"25"
"8470495918768681902"	"0"	"0"
"5437595076989925763"	"2"	"19"
"10121767262470765240"	"0"	"0"
"9978289116059688680"	"1"	"12"
"13801050957174211136"	"4"	"11"
"347101222304199932"	"0"	"0"
"7582614944283045405"	"4"	"4"
"4969135363021436624"	"5"	"3"
"8623604713368496097"	"1"	"7"
"17948322562173069899"	"0"	"0"
"3005661598294449437"	"0"	"0"
"7822621148908246065"	"0"	"0"
"12993650111889667557"	"2"	"0"
"265640784521652114"	"1"	"7"
"2709446524504735906"	"0"	"0"
"1439913501036881610"	"1"	"4"
"13413317273949398303"	"2"	"2"
"10854929410844065967"	"4"	"8"
"23480307018031679"	"0"	"0"
"15671947571864180485"	"0"	"1"
"15004356442878888290"	"0"	"0"
"9081606597072342538"	"4"	"46"
"8962954501059411426"	"0"	"0"
"2657537213624397716"	"0"	"0"
"615768415335916081"	"3"	"3"
"10434997229763928446"	"0"	"26"
"18360470565833581660"	"3"	"0"
"12526526596166894173"	"1"	"0"
"3166843236192195663"	"2"	"23"
"11690757557790093336"	"0"	"0"
"692529870056066013"	"0"	"0"
"3376226952122960110"	"3"	"13"
"6929862748575598442"	"2"	"21"
"10025118775927327514"	"11"	"9"
"6911322190713225005"	"0"	"18"
"1717540812823400770"	"0"	"0"
"16781310828629088044"	"1"	"6"
"6519434595329742739"	"1"	"0"
"4594071399178965975"	"0"	"0"
"9556221552968139623"	"0"	"0"
"7957893154842579025"	"0"	"0"
"4944003448985227971"	"3"	"7"
"12317603598572057917"	"0"	"7"
"14566097579105013627"	"3"	"4"
"736719056624776701"	"0"	"0"
"7806833989646099925"	"0"	"0"
"11000583779111601121"	"0"	"0"
"15831176535948944720"	"0"	"0"
"9540758534282091359"	"9"	"19"
"11755519673293403106"	"2"	"0"
"8169146318677742876"	"9"	"9"
"11187980269061202513"	"12"	"3"
"10357671734870650567"	"0"	"0"
"1104345937340846293"	"0"	"0"
"2796642889068211356"	"14"	"5"
"336883715354745052"	"5"	"0"
"6875643103354769761"	"3"	"0"
"872891991941436848"	"0"	"0"
"13681896154766201310"	"17"	"9"
"13231756017417926064"	"0"	"0"
"3270115123307017782"	"0"	"0"
"18028858323441865951"	"12"	"32"
"7285305135530552617"	"1"	"1"
"16501420394885114477"	"15"	"0"
"10452945177610020203"	"0"	"0"
"4477606721911064965"	"0"	"2"
"692639364031775036"	"16"	"64"
"16082939657551574815"	"0"	"0"
"13066922867349840126"	"0"	"0"
"6763491264988098057"	"0"	"0"
"11993946615169947731"	"13"	"4"
"1572685096933810526"	"24"	"3"
"763284122662271347"	"1"	"14"
"10607680078577826658"	"0"	"0"
"1925571629944263238"	"2"	"18"
"11532739560791309382"	"4"	"0"
"10301658521078326355"	"0"	"2"
"16071811597336120749"	"1"	"19"
"3634303409448175471"	"0"	"0"
"16596913109677278452"	"0"	"0"
"9011177800405190403"	"1"	"0"
"8198332692296264486"	"0"	"0"
"1842372190576429895"	"1"	"12"
"3945173154016572915"	"0"	"3"
"18367043577921244812"	"1"	"64"
"9898518105010251900"	"2"	"9"
"5226469085955963830"	"11"	"7"
"914370871307613493"	"1"	"14"
"8131533183308076194"	"5"	"9"
"10075673643818569018"	"0"	"17"
"4200725332148778478"	"0"	"10"
"16466859906157878904"	"6"	"29"
"3634010930726664160"	"11"	"1"
"18207718465885799645"	"4"	"5"
"7139105368833225926"	"0"	"0"
"555256199104743189"	"42"	"20"
"13869797386716712710"	"2"	"1"
"12686561484153439319"	"0"	"0"
"18031896919373574970"	"2"	"1"
"14776205429755793294"	"1"	"35"
"8126383708985804367"	"0"	"3"
"17847688566383088484"	"1"	"3"
"8492389485823381581"	"0"	"0"
"5330828973604912754"	"0"	"29"
"5940029307484735749"	"0"	"0"
"13243337309915853256"	"0"	"2"
"14283785171331403017"	"0"	"5"
"999644944291746722"	"1"	"0"
"18186210492609695644"	"0"	"0"
"5414079965684248116"	"4"	"0"
"7042025608361916404"	"10"	"3"
"16079875313693074679"	"0"	"0"
"14867813661609613822"	"13"	"2"
"8417900000791458445"	"4"	"0"
"16769575121543978039"	"26"	"12"
"3511170393813974994"	"2"	"28"
"11758991171622644047"	"0"	"0"
"4950151481194480026"	"1"	"0"
"11594923009958831386"	"0"	"0"
"17175694075579110791"	"0"	"17"
"15458138967781985577"	"3"	"6"
"17645760952633302273"	"2"	"0"
"7841555414323198880"	"1"	"5"
"14597142936576943032"	"8"	"0"
"11642686244467502221"	"6"	"13"
"585118766076369621"	"7"	"14"
"1324168477576458496"	"5"	"8"
"15086426008078156737"	"1"	"12"
"13102300943741473819"	"0"	"0"
"16090726899148585477"	"0"	"0"
"17097407926344872644"	"0"	"0"
"12812800870502340313"	"0"	"3"
"9516388535697072538"	"0"	"0"
"5765147771039625023"	"0"	"0"
"639017751578149039"	"5"	"1"
"12998870971360623481"	"0"	"0"
"8247050450354838709"	"1"	"0"
"1001727153810824827"	"5"	"24"
"7109035006673776343"	"12"	"7"
"710708192862092304"	"6"	"2"
"16410103917969209669"	"1"	"16"
"11901351103147403021"	"5"	"0"
"6369772250854665440"	"4"	"10"
"638738136820407465"	"1"	"5"
"12709744296133693587"	"0"	"0"
"12851109013769778622"	"0"	"0"
"15632620084590879657"	"3"	"0"
"1506238703486118209"	"2"	"12"
"2507461660112086935"	"0"	"5"
"473145454289941520"	"2"	"0"
"10391060056115799216"	"4"	"13"
"5503757387547784745"	"0"	"7"
"4110836529507781646"	"0"	"0"
"735173153081046844"	"7"	"29"
"9914924177076171326"	"1"	"1"
"8533832621029150028"	"4"	"1"
"6059579624574300566"	"3"	"1"
"13591215103203174964"	"3"	"0"
"1141603925218307431"	"0"	"3"
"312768424524227714"	"20"	"4"
"8230786906285369235"	"0"	"33"
"6944823456080189914"	"1"	"0"
"16179985436327710739"	"0"	"0"
"10917621357237960492"	"1"	"43"
"10239356058748580753"	"0"	"18"
"5268648600302699429"	"0"	"0"
"6348824489503794929"	"0"	"0"
"8110478753605639630"	"2"	"11"
"12155051080341327437"	"7"	"0"
"10645258141774326611"	"24"	"21"
"8451234473240984816"	"0"	"0"
"1099924209925134065"	"4"	"0"
"644385053329827712"	"0"	"0"
"16778291376248328822"	"0"	"0"
"4254038885868669477"	"0"	"0"
"15035810050812734040"	"0"	"0"
"2485393254891999901"	"1"	"0"
"831994987405807645"	"0"	"15"
"7229278094490541409"	"1"	"20"
"1566644704097535740"	"2"	"16"
"8717736230180721741"	"1"	"18"
"6659568900188286878"	"1"	"5"
"4532003183625765961"	"0"	"0"
"1470033040145024796"	"7"	"0"
"12844715008719254471"	"1"	"0"
"12620248080072705501"	"5"	"10"
"16403000603633254834"	"0"	"0"
"7931541470205318673"	"12"	"11"
"11515660283405193805"	"6"	"6"
"1391937575132203766"	"0"	"0"
"13374826065191667078"	"0"	"0"
"12172984127799264509"	"0"	"0"
"13283253943618736245"	"3"	"1"
"4526587437898028023"	"2"	"10"
"2790639534749897389"	"0"	"6"
"2041939371197058669"	"2"	"0"
"1528635355550738441"	"0"	"0"
"9194321693009035484"	"2"	"0"
"14913337109328807785"	"5"	"5"
"12665385194263336167"	"3"	"11"
"9074180508714334781"	"1"	"17"
"1898218050822683980"	"2"	"0"
"364982147011827576"	"3"	"0"
"2541373373725179074"	"8"	"5"
"17607972050897680312"	"0"	"0"
"14925076126421368406"	"0"	"0"
"12539100468263149596"	"0"	"1"
"2361406351442265873"	"0"	"31"
"17785371142744855762"	"6"	"16"
"16677468597972556156"	"0"	"0"
"10834070490085610001"	"0"	"27"
"1328359827195239025"	"0"	"0"
"9538444262612777716"	"0"	"14"
"9219018101705137218"	"0"	"0"
"17435072595489656572"	"0"	"17"
"6888831124184553683"	"6"	"39"
"11963275816837351034"	"0"	"0"
"15080019365446347413"	"0"	"14"
"15774580536301004397"	"1"	"0"
"12357099696772859060"	"0"	"0"
"7165731766834859295"	"0"	"0"
"17075452741354756699"	"2"	"7"
"16227407154540161445"	"2"	"0"
"13464374280863961836"	"0"	"0"
"5504772423309734631"	"7"	"10"
"11641897789265033856"	"0"	"27"
"14407312886767979975"	"0"	"13"
"2727750050109323013"	"0"	"0"
"11959589490302327531"	"0"	"15"
"15308082467940695330"	"3"	"22"
"16463738742615061516"	"0"	"0"
"3381007080750599109"	"2"	"5"
"17750080139229482016"	"1"	"27"
"10723169822937620935"	"2"	"5"
"2802643966840305948"	"5"	"0"
"7192494315482931396"	"7"	"0"
"431657500073651820"	"0"	"0"
"14922517924686068609"	"0"	"0"
"9860670668515318219"	"0"	"0"
"18257996176964180316"	"1"	"13"
"5055459817108974341"	"0"	"27"
"14782246934578927658"	"0"	"0"
"14742108451918218311"	"4"	"0"
"16923112298677586501"	"6"	"11"
"9936851728299795309"	"1"	"0"
"14401491998567129519"	"2"	"3"
"6021450299050213242"	"5"	"9"
"16844054944903780759"	"0"	"5"
"1314318680086198489"	"0"	"15"
"16058868812392252316"	"6"	"4"
"6981655288541404358"	"2"	"48"
"15307835239789861955"	"1"	"12"
"9861757713836418476"	"10"	"24"
"8904738583795715269"	"0"	"0"
"12973683941146739970"	"2"	"35"
"6358513581078236321"	"0"	"0"
"238436110447289713"	"4"	"8"
"1568111486229622334"	"5"	"1"
"8120473073398958971"	"7"	"50"
"1824498341797604079"	"1"	"6"
"14516422959031970866"	"0"	"0"
"10323562268315702117"	"0"	"0"
"12857852803652980169"	"4"	"13"
"14376609251123444028"	"0"	"2"
"5826057656552325127"	"2"	"25"
"6101448256360474106"	"0"	"0"
"7285174410870011339"	"7"	"2"
"1058473769447027851"	"0"	"6"
"3491248793685189593"	"0"	"0"
"3741933751709278818"	"4"	"8"
"7605677830785572417"	"0"	"0"
"13650231334236144794"	"0"	"0"
"6922220024954665114"	"14"	"10"
"5315098912679986710"	"5"	"0"
"9482231302012510959"	"16"	"7"
"3967872545820725523"	"0"	"6"
"11907919065736255354"	"3"	"6"
"17947646344268792776"	"2"	"7"
"6469640394001848604"	"0"	"0"
"17780280227070073130"	"0"	"11"
"8185607216134939570"	"0"	"25"
"10816654763263520673"	"0"	"4"
"11555592701108070642"	"0"	"0"
"1625461271681160329"	"0"	"0"
"6235596587004564315"	"0"	"0"
"4815111759939276934"	"1"	"12"
"7952920323935929957"	"1"	"9"
"715439892316662786"	"1"	"15"
"15490879080726553951"	"11"	"25"
"1190209351207877439"	"0"	"34"
"8027845339591312742"	"14"	"3"
"1819570045680387305"	"2"	"10"
"1938663060375810997"	"9"	"22"
"4765092127792496422"	"0"	"0"
"3372645134836453568"	"1"	"23"
"4452003672140830454"	"1"	"19"
"10485423212840714788"	"2"	"2"
"15987059420938837711"	"22"	"1"
"16988925411953661149"	"5"	"9"
"3684699652146991886"	"3"	"34"
"10806819384588760285"	"16"	"15"
"9665056995793304960"	"5"	"6"
"15389204091477420269"	"0"	"0"
"14013234218877516721"	"0"	"0"
"8495766643283682773"	"0"	"0"
"17042243005806672153"	"0"	"14"
"9731812632519923401"	"5"	"2"
"17078174838756200368"	"17"	"11"
"5831585120351210352"	"0"	"0"
"17884103235741371983"	"0"	"18"
"7454357807241263216"	"10"	"10"
"10173697780419783905"	"0"	"4"
"10639794592926854511"	"0"	"0"
"15268863110567359324"	"3"	"21"
"18026423820145262245"	"1"	"22"
"2994394770380848530"	"0"	"8"
"5816416974963252682"	"2"	"32"
"7487675023739438023"	"0"	"0"
"4703122674876882695"	"0"	"0"
"13061179908815975182"	"4"	"0"
"2185150774874809556"	"0"	"0"
"5217623711091031729"	"13"	"1"
"8956198491549021629"	"0"	"0"
"7498280029777644797"	"0"	"0"
"14864529982901438809"	"4"	"4"
"8634617883415583469"	"0"	"9"
"4714407073178259501"	"6"	"12"
"13912157361182704371"	"1"	"2"
"7972984737099800219"	"7"	"10"
"11297061312940107472"	"0"	"9"
"10870002108195618785"	"0"	"7"
"3460133745660758914"	"2"	"0"
"12441624726891572241"	"17"	"12"
"16729666788269459343"	"1"	"0"
"13381687892834406659"	"1"	"0"
"9307607782411909849"	"25"	"4"
"4775727553274107503"	"2"	"16"
"14913610833735315044"	"0"	"8"
"305539769431475878"	"0"	"0"
"4589955624756916039"	"0"	"0"
"11029996868557835777"	"1"	"8"
"12548407195067688272"	"0"	"14"
"10890934758125812156"	"1"	"17"
"6359474897905721055"	"1"	"13"
"4795716712207596441"	"22"	"15"
"16506573154087321340"	"0"	"9"
"10164182703531377361"	"0"	"0"
"17794292856279851609"	"0"	"25"
"2292141295975505763"	"4"	"1"
"11282395384969991920"	"1"	"0"
"10872733400463448540"	"3"	"1"
"17360364509720112808"	"7"	"2"
"3978071150414117070"	"0"	"0"
"10108739226957082183"	"1"	"1"
"17698147798030344182"	"6"	"12"
"15191176845940634335"	"28"	"13"
"17108330623970677749"	"7"	"26"
"12549443559144549272"	"0"	"22"
"6426910147820667320"	"1"	"16"
"5365880577733188795"	"0"	"0"
"15221555459579645455"	"0"	"0"
"8062352965310603796"	"26"	"6"
"8901103102403708534"	"0"	"0"
"6105010055716599791"	"16"	"11"
"14152076874554192473"	"0"	"0"
"13491964661803164435"	"0"	"0"
"4394115856744970973"	"0"	"0"
"17035373731287482133"	"0"	"36"
"14224366882423658331"	"0"	"0"
"4274620530945574307"	"5"	"10"
"6544359387842080723"	"0"	"0"
"16629871028286408034"	"0"	"0"
"12984475774204509669"	"1"	"9"
"11370621186628182477"	"1"	"4"
"1472935377201672955"	"1"	"12"
"11264242014207863537"	"9"	"5"
"2717118625854237215"	"0"	"0"
"11406227366386244827"	"0"	"24"
"13079773439289293869"	"0"	"0"
"5406571200703053888"	"0"	"0"
"9187089198805594638"	"2"	"0"
"16490708256886546367"	"0"	"2"
"12821548119874188566"	"1"	"5"
"4725445378217093438"	"6"	"12"
"2246124274659537904"	"17"	"13"
"5992543343617916516"	"0"	"0"
"15588543498481755839"	"0"	"0"
"4891674481642080428"	"0"	"5"
"9293927088515098369"	"0"	"1"
"8344252575799957572"	"1"	"0"
"15913209474145158949"	"0"	"3"
"11775481836302152248"	"0"	"0"
"26768966025727737"	"3"	"2"
"7158948046431041029"	"10"	"0"
"16293764181797684110"	"0"	"1"
"16548590329634001583"	"2"	"0"
"7650852832867674008"	"1"	"3"
"18428749465993921069"	"8"	"1"
"9259062558786036618"	"0"	"1"
"483538246629254650"	"1"	"0"
"6077253387641607557"	"39"	"3"
"1975066483389279529"	"0"	"0"
"17980811037684122841"	"0"	"0"
"17776733059003091715"	"0"	"0"
"15043915283338505754"	"6"	"18"
"15806319440716242013"	"3"	"27"
"998905488529553509"	"1"	"0"
"3970720633651393715"	"7"	"1"
"13641350094684458307"	"43"	"23"
"14881506588595722170"	"0"	"0"
"10450937551023149981"	"0"	"0"
"1026992197140725601"	"6"	"0"
"4903008498113087673"	"3"	"3"
"1580996990975712678"	"15"	"7"
"18282409755244513541"	"8"	"1"
"7500602852953149778"	"0"	"29"
"35735584877155878"	"2"	"0"
"12410862391103182562"	"9"	"0"
"18103776810801428685"	"0"	"0"
"435515704312492069"	"8"	"3"
"13966890450434906878"	"9"	"19"
"10419638455288387263"	"47"	"13"
"17946213291265202871"	"11"	"0"
"18355644945492619316"	"10"	"16"
"1512112653055887875"	"0"	"0"
"2680772703289253876"	"0"	"1"
"12284551268748142328"	"1"	"0"
"8468897270163076882"	"5"	"24"
"2656775593116814839"	"2"	"49"
"11173411281080623997"	"7"	"1"
"17389545255708990133"	"0"	"0"
"2858855837571928375"	"1"	"3"
"7114082863798299104"	"2"	"1"
"15363435225343605206"	"2"	"30"
"2799793891279597268"	"0"	"0"
"15903005085125932790"	"9"	"3"
"16618052564784324306"	"0"	"0"
"5446609147427552602"	"1"	"0"
"5099401071045141350"	"0"	"0"
"7418167336521628102"	"1"	"7"
"7308408706742979629"	"0"	"7"
"9494554736050894482"	"6"	"0"
"11500161571723801706"	"1"	"0"
"7920757286531280395"	"1"	"16"
"11081962168973468706"	"0"	"0"
"9665720383481198916"	"15"	"6"
"17205346068943209239"	"0"	"1"
"9407645548124681383"	"3"	"9"
"15655405660829599671"	"3"	"5"
"8849323901926653084"	"6"	"9"
"7854834239303473548"	"3"	"3"
"6414468964642328933"	"0"	"3"
"15230857821784878973"	"0"	"62"
"4958787718050007739"	"7"	"26"
"7210107172500808850"	"3"	"0"
"7408130318270327269"	"0"	"0"
"17797145840602625129"	"10"	"40"
"6018660907435103505"	"1"	"22"
"2054265128644875681"	"0"	"0"
"10474107830094540266"	"0"	"0"
"9473618089176112264"	"0"	"8"
"1077384108301435717"	"0"	"0"
"6663699002577949481"	"1"	"29"
"6980804343210013848"	"0"	"12"
"14315192878101113766"	"0"	"0"
"1885689250014585137"	"0"	"0"
"180283205582975557"	"0"	"10"
"8223507533296043839"	"23"	"45"
"5819011949540355161"	"0"	"0"
"9701447044864039752"	"9"	"0"
"4095534866779795516"	"4"	"8"
"15052383585111522160"	"1"	"18"
"4506354155082252990"	"0"	"10"
"12768203858033578693"	"1"	"0"
"10489437845926823908"	"5"	"1"
"18348554669406576855"	"1"	"9"
"9879994355249747059"	"0"	"0"
"1273429891071614398"	"0"	"0"
"17371627437568172973"	"0"	"0"
"9514534719821084722"	"0"	"0"
"5555971192450151426"	"1"	"0"
"16276926260691188890"	"1"	"18"
"1020539595843981657"	"1"	"0"
"2493406564158336043"	"0"	"0"
"7058230387842150561"	"0"	"0"
"13862902254521728979"	"0"	"38"
"8720811160786484235"	"8"	"0"
"10805606454998306419"	"0"	"0"
"59603030228961377"	"3"	"1"
"4004681274677533774"	"0"	"0"
"5262338330397019669"	"4"	"10"
"3331299383410697009"	"2"	"5"
"15823513342291472863"	"3"	"47"
"17314289872160605504"	"2"	"20"
"9843906196839047265"	"0"	"14"
"8226171741742931491"	"0"	"5"
"10845239633598044892"	"1"	"10"
"1761434165225949241"	"0"	"8"
"1218772990245989053"	"0"	"0"
"441706052397130957"	"0"	"0"
"5566597164543635971"	"0"	"0"
"9400493612275826109"	"1"	"1"
"14257865210444486682"	"15"	"29"
"9376357220309256063"	"0"	"0"
"10750278397057582076"	"0"	"0"
"15543612085317076943"	"8"	"0"
"5654362662439405497"	"0"	"0"
"11792576881837976183"	"0"	"1"
"4972157924856718091"	"2"	"6"
"15355217324313758672"	"0"	"0"
"10871350001999694759"	"0"	"4"
"15388912047777281765"	"9"	"3"
"2221625818015028354"	"28"	"13"
"12459206369630702571"	"1"	"4"
"16017213343505268075"	"0"	"0"
"7091107772334606196"	"0"	"0"
"14351847275245913222"	"0"	"0"
"18360624767748191644"	"1"	"12"
"1234608858332224257"	"2"	"1"
"16869696928940862918"	"0"	"0"
"9307185503430636070"	"0"	"0"
"668349723855649886"	"0"	"30"
"16854521648128466127"	"1"	"0"
"7710630604220137798"	"1"	"0"
"6434177407385527896"	"0"	"14"
"15636271386786249072"	"21"	"18"
"7462461922053662296"	"1"	"33"
"10440999740407627154"	"0"	"0"
"9822038686896572515"	"2"	"1"
"17369585424659807418"	"0"	"0"
"11795328865839393139"	"0"	"0"
"13495459281033859176"	"0"	"0"
"14258232744504586248"	"0"	"0"
"9369789144628550123"	"0"	"0"
"15181491109218818865"	"0"	"0"
"5435787132338316709"	"1"	"22"
"6062104595581281013"	"0"	"0"
"8516849664134525117"	"0"	"0"
"6990479990781795393"	"9"	"0"
"11514633189874160671"	"4"	"0"
"12736972122713802641"	"2"	"1"
"10514444330869688595"	"0"	"0"
"9463229217226430126"	"0"	"0"
"13204902852985018088"	"3"	"7"
"10371544298177760033"	"0"	"0"
"4515323814311613942"	"7"	"0"
"3541407695133336671"	"5"	"10"
"11019484068941706860"	"0"	"0"
"2009987668862926666"	"3"	"10"
"10143337843391659400"	"3"	"40"
"600866168164325393"	"2"	"18"
"8234506758814348085"	"1"	"1"
"14333755945056675914"	"2"	"1"
"5694756131468578291"	"1"	"10"
"14216263611691786986"	"28"	"40"
"9869628494247847080"	"0"	"0"
"15414418585951512000"	"0"	"3"
"1115794669108577338"	"4"	"7"
"11404432311337100930"	"3"	"4"
"4189210914155528399"	"4"	"0"
"10533050216933093708"	"31"	"13"
"16239868459474805817"	"0"	"2"
"1097122499403586652"	"8"	"10"
"17119000433850090312"	"2"	"0"
"9143876510912485044"	"0"	"7"
"4838796485771518729"	"4"	"1"
"11364106259946366162"	"1"	"3"
"10928771149826054783"	"0"	"9"
"9580935810352389062"	"0"	"0"
"8867241032827260133"	"15"	"14"
"15637015246398431303"	"0"	"0"
"14617360143901011960"	"0"	"11"
"6099100937901000125"	"6"	"12"
"11462201490072276160"	"2"	"1"
"13768976646893656040"	"0"	"0"
"10525859623497775612"	"4"	"7"
"3010631107314795450"	"3"	"1"
"4147316326371725738"	"1"	"8"
"15407204464231071686"	"1"	"4"
"3154035227628535457"	"4"	"24"
"14496893494338490424"	"3"	"6"
"5035349679182410681"	"14"	"20"
"5669502243970561965"	"5"	"3"
"11176148863934252420"	"2"	"6"
"10163691828183545996"	"0"	"0"
"5394053853286382496"	"4"	"4"
"5469876208725068439"	"1"	"2"
"682983692486472138"	"0"	"0"
"4380710881689775640"	"9"	"37"
"10857086084026744957"	"1"	"3"
"1291863581341518928"	"6"	"12"
"6371927218075563247"	"1"	"15"
"2519835378801857692"	"0"	"1"
"16103845066458186172"	"9"	"0"
"4095901814035540958"	"0"	"0"
"14966613736473251829"	"0"	"0"
"1314085124572609004"	"0"	"0"
"18033955287987500080"	"23"	"4"
"3801245627317842925"	"5"	"15"
"4343051185325086504"	"7"	"0"
"17731127396440963477"	"11"	"11"
"7794779846879981521"	"0"	"0"
"15145909352471637153"	"0"	"27"
"4157190210681869695"	"0"	"0"
"16779965711698057770"	"0"	"14"
"17550878475242974900"	"0"	"0"
"10650192400292721725"	"3"	"2"
"10030087423435382196"	"5"	"8"
"8954984084845799585"	"0"	"4"
"8836214754636785157"	"0"	"29"
"6101144771790953218"	"9"	"17"
"14743675914846933353"	"3"	"30"
"4360750368511851729"	"1"	"18"
"4166610093719884556"	"0"	"0"
"8809117434454370081"	"3"	"0"
"6764896077268036453"	"1"	"3"
"8516210840454050119"	"0"	"4"
"11560201488980627559"	"40"	"19"
"2638754731186220301"	"5"	"0"
"11789917488390849702"	"2"	"20"
"1748156521018631671"	"0"	"0"
"9088022647826696653"	"0"	"0"
"7218568370435585179"	"0"	"0"
"17741665955615893602"	"4"	"8"
"2941939649222970387"	"1"	"2"
"8908082973676945930"	"5"	"0"
"10395990831169684398"	"0"	"9"
"14020460178108510693"	"11"	"17"
"17296586076264187026"	"0"	"22"
"15677838157539969624"	"4"	"2"
"15803454302107023131"	"1"	"0"
"12453143329844175645"	"2"	"2"
"1926076497446148057"	"4"	"23"
"9426045279417949835"	"0"	"17"
"7557464062512441007"	"0"	"25"
"11967300416017162112"	"11"	"14"
"6103178416482945666"	"0"	"5"
"12061457621587351741"	"3"	"13"
"7974153381428218207"	"1"	"0"
"12181622537683467276"	"0"	"0"
"2446261907450217606"	"2"	"0"
"9616370006505044944"	"1"	"12"
"3320608927952162669"	"0"	"0"
"15699267406320073529"	"0"	"0"
"17378408808092404839"	"0"	"11"
"5738344954634745626"	"17"	"10"
"11877558273471361661"	"0"	"6"
"840139259079324135"	"0"	"0"
"17004386235020215772"	"3"	"0"
"8515987483257305370"	"0"	"0"
"9974276458981970637"	"2"	"0"
"7496302056405799736"	"3"	"6"
"15749400924983258514"	"0"	"8"
"3851683408341708161"	"0"	"0"
"9777460997876776955"	"0"	"0"
"7506300372407508853"	"0"	"0"
"4365871987204295027"	"1"	"12"
"9766225282383706085"	"21"	"25"
"13514660213280886463"	"4"	"10"
"2051867956673341842"	"0"	"12"
"16689892673366615122"	"1"	"12"
"10648402730705549299"	"0"	"1"
"5636172743088344726"	"2"	"10"
"16237111473358271219"	"7"	"9"
"13588517725559598487"	"0"	"0"
"14758992922153632481"	"0"	"6"
"9225682399054850025"	"0"	"0"
"13579609314752798883"	"2"	"16"
"11502791774186187980"	"2"	"19"
"5923334823415498276"	"1"	"8"
"11088495948888412925"	"0"	"0"
"7192936767021599671"	"0"	"0"
"10899040762277524354"	"11"	"3"
"6234820382258758854"	"0"	"1"
"11292404257853517207"	"0"	"0"
"15196164795908645754"	"1"	"0"
"16496572292154496094"	"0"	"23"
"18324282830790877604"	"2"	"6"
"2222991629650254180"	"0"	"18"
"13283606926996175471"	"0"	"0"
"17183649609607198230"	"0"	"5"
"12463448983821476271"	"6"	"17"
"1938260013292616199"	"0"	"0"
"11116788812234160513"	"2"	"0"
"17681570550838716681"	"5"	"6"
"12782502286795001198"	"2"	"0"
"2438919852332954408"	"0"	"10"
"7593174952128689392"	"1"	"7"
"8187495921762826207"	"4"	"3"
"7981732704512761017"	"0"	"0"
"13973992772174842049"	"0"	"0"
"3779852770085058080"	"0"	"4"
"1916496183712539496"	"1"	"0"
"10684179809377626655"	"0"	"0"
"9393709732402438322"	"0"	"34"
"10013142177137674789"	"0"	"14"
"15123552256290319445"	"11"	"9"
"500708240630347372"	"0"	"0"
"12177113020129791020"	"0"	"0"
"5020541489333134258"	"1"	"15"
"16356186711231100518"	"0"	"0"
"11419974393909109225"	"1"	"31"
"5276421141236058783"	"36"	"0"
"17941305049400049936"	"4"	"12"
"13223708234762758261"	"0"	"5"
"13600790356767114316"	"1"	"0"
"5964802624294796908"	"7"	"3"
"2309695677150489632"	"1"	"24"
"12729868724034378514"	"0"	"2"
"784825641918111671"	"24"	"0"
"8250701945158690257"	"5"	"7"
"17361683415379800043"	"1"	"0"
"2239577453577548099"	"9"	"11"
"16639670951060117326"	"8"	"15"
"6870832673396774473"	"5"	"6"
"9412616167372044279"	"1"	"1"
"6096114211561939571"	"7"	"18"
"7175751770730770172"	"0"	"0"
"12075273365978254220"	"3"	"1"
"2757512955823220391"	"0"	"13"
"726663096495224232"	"10"	"1"
"6022412008866865276"	"2"	"0"
"11030666806762008718"	"0"	"0"
"3788821887140970232"	"14"	"24"
"12037465744796310563"	"4"	"5"
"9573410237626315343"	"0"	"0"
"1338875173441313924"	"0"	"0"
"3592553216232078080"	"2"	"26"
"921096113408197273"	"2"	"9"
"18165678207189111748"	"0"	"0"
"18388697423494975816"	"0"	"0"
"9002525158599803143"	"1"	"0"
"17315586247426081437"	"0"	"0"
"694851167295807891"	"0"	"0"
"14695141168506686219"	"1"	"0"
"5559255212717815832"	"2"	"31"
"393984154984621473"	"0"	"0"
"16552005772206632584"	"9"	"0"
"13805417772736369116"	"7"	"4"
"8458514563137936438"	"12"	"5"
"1278739482361996123"	"1"	"13"
"11751419171971115834"	"0"	"15"
"2985785882043568778"	"0"	"0"
"4202760219581665753"	"3"	"1"
"5945312312975201648"	"10"	"6"
"15799196584630148869"	"0"	"5"
"12087860346099144998"	"110"	"15"
"12827769133103007003"	"0"	"0"
"1951334589232400018"	"0"	"1"
"12855282424430779659"	"0"	"3"
"2313414304570711287"	"0"	"1"
"4866148860437950343"	"9"	"0"
"17343477342202680578"	"13"	"14"
"7487488638468742393"	"0"	"5"
"3909970800908713465"	"3"	"4"
"17113419753811411304"	"0"	"0"
"3543726411124797958"	"0"	"14"
"13779990891468529539"	"0"	"0"
"4933662103981995525"	"0"	"0"
"1501083229293056955"	"4"	"22"
"4690251746164487263"	"0"	"0"
"14611923125579228084"	"1"	"14"
"4521167975068893234"	"7"	"18"
"427110688238162735"	"0"	"0"
"15193481822616101012"	"11"	"9"
"3902617747571492826"	"0"	"2"
"7820654797362893989"	"1"	"32"
"826979822568237013"	"0"	"0"
"18029957659138074413"	"0"	"5"
"6971998660716788871"	"2"	"59"
"7976888532897584518"	"0"	"17"
"707506829189541681"	"0"	"5"
"11999781043046622935"	"0"	"0"
"5978505324400362173"	"8"	"2"
"13856885479411563090"	"5"	"2"
"8131446638446203440"	"0"	"0"
"5338406228686269315"	"0"	"0"
"13279040681141958098"	"2"	"31"
"5361981950744831408"	"0"	"2"
"3971326279899157118"	"2"	"0"
"11713109455352909751"	"0"	"2"
"2203031620355892641"	"0"	"0"
"10951105850887304985"	"0"	"0"
"6807646703688825952"	"8"	"2"
"13884707852295300503"	"0"	"45"
"12713085985839421615"	"2"	"11"
"14542487172399743305"	"4"	"0"
"2896584018642031788"	"35"	"1"
"2309329111949234381"	"6"	"0"
"7516204158801455444"	"3"	"18"
"7239480609142700773"	"0"	"0"
"5091149968049800030"	"0"	"0"
"10406915170702922356"	"1"	"0"
"788701614750100000"	"0"	"30"
"4397479083341051245"	"0"	"17"
"3318192962985687861"	"1"	"12"
"6698018902174056282"	"3"	"20"
"13226793032603064675"	"44"	"8"
"1013769405606521444"	"0"	"4"
"13436609632166709473"	"0"	"0"
"8491198797129448658"	"3"	"2"
"6568652752834052302"	"10"	"0"
"16612201304630735484"	"0"	"42"
"12062820228832857634"	"0"	"0"
"12499063423742608937"	"0"	"0"
"15113652499895268083"	"0"	"0"
"14060212002214654885"	"0"	"5"
"2692206778727792525"	"1"	"0"
"8229787373038521634"	"8"	"4"
"4391767111388594516"	"0"	"0"
"4774103884055144234"	"0"	"0"
"112062614018375075"	"3"	"0"
"7784737012936716182"	"8"	"5"
"4032759008048105645"	"36"	"13"
"639130658357203416"	"0"	"0"
"6300820884612989982"	"5"	"21"
"2598266444088209003"	"10"	"0"
"6500539954582310953"	"0"	"0"
"13563786100244745522"	"0"	"0"
"7418864352589667817"	"0"	"0"
"2470866951207827874"	"0"	"0"
"4068723213522043679"	"5"	"16"
"1671725978512492624"	"0"	"0"
"9137541113245068248"	"2"	"1"
"3946053805430086517"	"0"	"4"
"3046548430055877247"	"0"	"0"
"10199110458698309396"	"6"	"10"
"7385621136812353139"	"0"	"0"
"1526877235202967392"	"2"	"0"
"9639673897972833930"	"4"	"0"
"17402181028925244973"	"0"	"0"
"2929386458535285570"	"0"	"15"
"17495142995204539687"	"1"	"8"
"5854253757779545414"	"0"	"0"
"9256794042650563470"	"13"	"27"
"955641102446928635"	"0"	"0"
"2407575607614072506"	"0"	"17"
"9778440285021324005"	"63"	"10"
"1971946305041432471"	"3"	"12"
"14158549327691939987"	"3"	"2"
"2787123752442980387"	"0"	"0"
"327597670919904048"	"8"	"22"
"10784863627257493276"	"9"	"5"
"8286088610737581491"	"0"	"10"
"8594684296783494946"	"16"	"4"
"14546795381374140628"	"1"	"9"
"13680631819154541499"	"0"	"0"
"4912174097628852467"	"0"	"0"
"15817552180930875910"	"1"	"0"
"10685428001270625047"	"4"	"14"
"11472010591740394431"	"4"	"0"
"12664690861860467256"	"0"	"0"
"6856055526738789570"	"2"	"4"
"7192111467843982782"	"9"	"4"
"2814133809655680498"	"0"	"7"
"16368530886712426597"	"0"	"0"
"8772895117541869327"	"4"	"0"
"18326666799412810349"	"0"	"29"
"7419889869995094459"	"19"	"0"
"11254389379718810919"	"0"	"5"
"8200032725517170583"	"0"	"0"
"10305952464125075350"	"3"	"13"
"10823458066133705961"	"5"	"25"
"6474361838092254707"	"0"	"9"
"8097793126775624148"	"36"	"6"
"71701339042918686"	"18"	"13"
"6786335618953713390"	"0"	"0"
"14647008669680021321"	"1"	"1"
"958072291029718013"	"2"	"0"
"4661383205191784740"	"0"	"0"
"10547878247922295832"	"12"	"22"
"4730054450676690259"	"1"	"5"
"17943971464730409664"	"0"	"10"
"18323208716448949712"	"0"	"0"
"5013879988439767971"	"0"	"0"
"5106954337079478907"	"0"	"0"
"1503022116862829757"	"2"	"2"
"2061808077895255153"	"0"	"0"
"15992726686645895575"	"0"	"0"
"11860092603554690639"	"0"	"0"
"14510559664834677675"	"6"	"22"
"325288563406547269"	"1"	"0"
"10334007757301830087"	"0"	"0"
"5280679474707071129"	"1"	"10"
"9539524002745732470"	"0"	"0"
"16883378651468319002"	"0"	"0"
"16773861079210337760"	"5"	"19"
"16099426046794942799"	"1"	"0"
"7308616696581035728"	"1"	"0"
"10900616662933262644"	"3"	"0"
"610105652313681098"	"5"	"4"
"2189976802934967508"	"0"	"0"
"2965762786192258152"	"4"	"4"
"15066976194792409802"	"12"	"18"
"7151491597962077299"	"0"	"1"
"13104512689362379449"	"0"	"16"
"38789001693523099"	"4"	"21"
"11824805271819823025"	"22"	"25"
"5498814720413676438"	"17"	"6"
"10259451815667702415"	"0"	"0"
"16379287521242807034"	"6"	"5"
"6672933765440529907"	"0"	"17"
"12348545536451399187"	"0"	"0"
"17996488979484615393"	"3"	"2"
"3868220131191595583"	"0"	"14"
"6831994378757046484"	"14"	"2"
"319199924870584329"	"0"	"0"
"17562946039838070630"	"9"	"29"
"17174168399005685461"	"2"	"5"
"15627672763551200300"	"12"	"14"
"5566425853617779295"	"1"	"51"
"10700305950718322472"	"0"	"8"
"478960797272178947"	"0"	"14"
"1351474134111035437"	"24"	"7"
"12951073203871283559"	"4"	"18"
"2725874804447595009"	"4"	"0"
"7556964817653960964"	"2"	"2"
"2582745968531989864"	"2"	"28"
"1368899979949066124"	"0"	"0"
"15708269996867241662"	"2"	"1"
"4411344416836875732"	"9"	"4"
"16243180636039784436"	"0"	"2"
"4954742153524534599"	"10"	"4"
"3129832376861581383"	"3"	"19"
"10875478446801301565"	"0"	"1"
"18090523632849764689"	"0"	"0"
"7351678432736169868"	"0"	"0"
"15213712610930785374"	"0"	"0"
"5208336872834098869"	"3"	"0"
"5906806859800122739"	"0"	"0"
"17249670387811642570"	"1"	"9"
"4786174449418476463"	"1"	"15"
"2352241644569891116"	"2"	"0"
"10124750255541530363"	"3"	"5"
"17249401342651210826"	"8"	"7"
"8240350737466954738"	"12"	"1"
"4163493652856985546"	"0"	"39"
"5114348514309083494"	"0"	"0"
"10196710770569513994"	"2"	"86"
