17410921183212842622;age;particip;design;test;tool;
11889712963617327872;rang;locat;predict;veget;
8400410712394189640;rang;show;literatur;test;temperatur;
119749548214852958;institut;diseas;
18029499241881046593;knowledg;literatur;tool;
12940990609858685664;state;
16652772258683658896;predict;framework;
1354691427611429167;vulner;
14714473909526765545;ident;
4972809728606503416;predict;tempor;
6115674679995998263;locat;
4343051185325086504;
15043915283338505754;
3653014411770575038;tempor;framework;valu;
11465573183789745622;
4711997927879321381;institut;
5083740354604986500;decis;sens;
427856397647026034;show;
10948306561617173744;estim;design;
10095685563443994881;surfac;estim;due;
17742837349001049327;show;rang;
4020676933205734629;
14395503924198894302;
10650192400292721725;
10899040762277524354;
1177866241898787539;show;site;temperatur;rang;
5518784326717148986;test;statu;
10589400396780492082;simul;ident;decis;valu;
13612840732315350530;theoret;form;test;
10419638455288387263;same;tempor;framework;
14494304965780369291;age;due;
12372060860559485529;
923468158294308756;framework;user;
7989158288125170678;state;
10474292726356892188;
16406044766663975485;age;design;subject;
3643564348598300240;statu;ident;
3677755360727364846;cost;
9602513515974427435;peopl;valu;vulner;
6070217928207328750;show;tempor;
15030730959286758252;
12091052402086591999;
11435021539113683238;qualiti;
14500647789969160890;particip;literatur;
12318903923952802460;innov;cost;decis;
2648982081973093875;
18413099436590598030;predict;ecosystem;same;ident;
8470545786783000887;show;select;innov;
9886374738953475996;age;particip;
13811873365419855024;
17459146697387807063;show;
9973001464879046811;classif;statu;vulner;valu;
10841456713499284112;statu;institut;state;
1818865453835822716;show;
442597994820651456;show;
14711347982438623960;literatur;state;select;
6249855425876504893;locat;site;
13016111614845695140;literatur;design;
18434959430950673684;show;
17301267235086282021;firm;statu;framework;literatur;age;
13552975752483979442;
15708269996867241662;
5559255212717815832;zone;show;
5414079965684248116;
1753503738893391095;valu;
6077253387641607557;ident;state;
8217545788338460052;be;rang;predict;simul;estim;locat;
11152549535668416093;be;estim;
1470033040145024796;
11946381555616802707;case studi;ident;be;design;tool;adapt;
16135066276727534870;form;flow;user;
13209915336407924330;surfac;
4650947612997334616;peopl;sens;framework;ident;
12602261443025780737;
14098313644002711807;same;state;
1213989798617851663;age;knowledg;rang;tempor;same;test;
13752961721232378082;tool;
8327227129353613087;design;
17168106802461778933;case studi;institut;
7786990652365463716;age;same;tempor;
4918846003500200234;
14239350842651325365;veget;same;
15945422991210935912;
2404234884660292557;tool;particip;literatur;
10071945819081972415;adapt;
9426512954050305529;simul;
792657434662958698;innov;decis;
2191499441556910698;ident;
14408784991940672219;theoret;
1413561136138081507;be;temperatur;state;decis;
16466335020539170633;case studi;same;
1773111385951224857;sens;
558313369675571562;due;cost;literatur;
2997598168437686301;decis;estim;
6628068618346927530;peopl;
10530569167060707160;case studi;tool;innov;design;
13460644265854565825;subject;
15853240260158470221;literatur;
8536160902883579990;locat;be;subject;
13709688743055729856;peopl;framework;
9848062527169397573;site;energi;
8946787897343297258;particip;framework;ident;
11194125312907066690;
7972984737099800219;form;
4472566796189184279;test;
17078174838756200368;
10940237494138218712;show;cost;energi;
15626314220117846135;
17051303360058044690;
2484506273748607499;institut;
16378439807107857798;firm;
13503813284732572823;framework;
4325984497908333051;valu;
9137541113245068248;
12107941409870287665;institut;qualiti;simul;design;tool;user;
2081130552056690012;diseas;ecosystem;due;
1842620358403257100;framework;rang;
11522854711691312286;diseas;show;
16407133447263336084;
14092472703820846834;cost;qualiti;test;
7366217315956938895;
7991986221912589908;classif;locat;tool;
18426730428203973235;be;show;due;adapt;decis;valu;
5320135838589074317;test;
5396808306905391537;
12626733744030423327;due;
3681407681243441531;case studi;predict;
14319644488029669238;classif;diseas;literatur;due;design;
4805763905089815469;veget;surfac;
11800783488918104819;knowledg;subject;
711329923120819271;temperatur;test;
3306745644098433261;
13932866032157095130;be;state;ident;
14536076994061698674;veget;energi;
7065977755474549236;
18324282830790877604;zone;
4703528103127519090;firm;institut;state;
12524004829824925064;design;
11916828016632070158;qualiti;simul;test;valu;
5175382204345578071;simul;
16143420082845703821;predict;peopl;
11526053569335988871;predict;age;
11814540941093814568;firm;innov;
16274321004884011090;knowledg;decis;
16261864900989068765;knowledg;
12351073279210027682;simul;cost;decis;
15037986108844077195;
6390684910680095098;institut;valu;
14794292695564975756;institut;innov;
10843658360263936264;rang;predict;
17084475045405740048;case studi;institut;
13381687892834406659;
18223047528278629976;locat;
18028858323441865951;
18257996176964180316;
13082611469913131311;simul;
14843054109298408770;
15779513760329244410;energi;
12600117983325757188;institut;qualiti;knowledg;particip;design;
5595494999427961093;
13044576646734277272;innov;site;same;test;
6000298468422571787;
2531466277841026100;case studi;rang;ecosystem;flow;due;
15913209474145158949;river;
6359474897905721055;
12532251113198053876;design;
2728444947095609765;
4524406206428822321;peopl;
3347000895053150025;form;theoret;
10807592639174449862;decis;
1877478103325785408;peopl;user;design;decis;
3340345495959517994;tool;
1231366904490867337;form;
18274364650918806909;innov;valu;
6224501035419794389;
6187043978703755672;literatur;
8395320560649724358;theoret;framework;ident;test;
15310083658531386640;literatur;
2796642889068211356;
7169004806113650255;
16589093919794137192;same;
7939936798529225198;
7692156915149692196;
6184608974687756405;
6971998660716788871;
17743898509122222255;form;knowledg;
5961745183167121928;
9728999368899930698;literatur;
17602113854713952564;zone;predict;tool;site;
1453204698934401873;cost;show;vulner;
12792163477325625908;zone;framework;test;river;classif;
11970825273264939794;form;due;select;
7854834239303473548;firm;institut;form;innov;due;state;river;
1628592558518298788;institut;
9861757713836418476;
2669197330931932384;site;framework;decis;select;
3621483537528586358;
14225683804513789543;
3962843201929215968;show;valu;
3352947521242410844;river;
5463316542682775469;be;
4604681180230300641;show;subject;ident;tool;
529932199629324625;theoret;cost;valu;
8572188713912030493;theoret;
5845912337601684094;classif;
3097765861668486913;predict;age;tool;
1344804675379930277;
1293510125047064040;statu;same;design;test;
15504915463242896335;
15083625878078579722;show;site;
10395562085118112144;simul;framework;estim;decis;
8522415099066753333;rang;diseas;vulner;
6451204574374452380;diseas;age;subject;
17031933891170164556;ecosystem;
7354087562421935368;framework;estim;
8321962379250036283;surfac;form;zone;show;age;
11213073684345440896;
7863491622118859913;be;show;predict;tempor;temperatur;
17986318644941516663;select;
16049387030427960399;test;
1033848160263756421;age;site;user;
16276977400103430822;food;
6082731141028495342;
4101881020978262081;state;
7115136084118587815;be;
16631985186134992997;tempor;valu;
10013803655070560638;firm;
15673473835186638730;diseas;zone;peopl;temperatur;
12163993069307271005;
16714573956945698183;framework;state;vulner;
7280194500094517360;adapt;test;
1291200821137962092;peopl;age;tool;
15429279674067113541;qualiti;test;
8131171702362845933;same;
10770613956143411716;knowledg;qualiti;
3755729963224926899;be;framework;sens;simul;
488789317920439274;
15889327589516667660;tool;flow;due;state;
3040074936007737393;tempor;predict;state;estim;
17363963406954793851;particip;knowledg;
13362146004174235272;statu;institut;locat;
5523795584044252800;
2189574505234177541;
9725289650518962872;qualiti;
1354689455085408103;tool;
12452100539628110857;diseas;subject;form;tempor;
12354250136969205052;firm;vulner;institut;innov;
16951141525918826685;same;
4912701179803452404;estim;
6674567122501255073;firm;theoret;
10059644342791102712;user;
11919197519898077460;
4028863959184550623;cost;food;age;framework;
6340548202601476027;qualiti;
9169249757762881341;case studi;qualiti;tool;
8419224109895034743;institut;
5317751704460700357;rang;diseas;food;
13067860051724649882;due;design;adapt;
10239356058748580753;
1384315159464906178;knowledg;design;state;tool;
6455274395985384869;
2060030482979531565;estim;
6439421179936453799;age;
5204119645793461796;diseas;case studi;
13701169778634836273;particip;theoret;test;
9182978986655959257;locat;predict;tempor;test;valu;
14601916279259628502;institut;innov;framework;
15607193914625488455;be;form;zone;veget;rang;state;
4786174449418476463;
5174487824843751133;
10392037708272969298;
2385388936914568400;
2290132756426070304;
2073151839324343862;qualiti;test;
3433841074269419643;locat;literatur;theoret;site;
16357558596931494598;framework;
8111592070451580449;show;flow;literatur;estim;
7106905783604067305;age;
943594120716220336;
11367565082170792631;age;
12392549631840037070;
8205750148088704535;food;
5630859354658762056;firm;case studi;theoret;framework;same;
17904088733266814106;
8131533183308076194;
11252246345377289781;firm;innov;
9807968417314679411;due;simul;
4835799884908638479;zone;
5464580744575693123;user;
13929403473550722776;particip;
7169062092766455684;ident;
10597039060395413326;ecosystem;
9825123697752662359;case studi;form;simul;
1977168764204554602;zone;
14771497539293440299;state;test;
8120473073398958971;framework;subject;
5338406228686269315;show;
9112332317321546343;vulner;
6068854395715096282;firm;innov;
2625152943370863591;particip;tool;
13634022377841543846;firm;case studi;locat;
12326996171047394102;
18073238705981267856;
14049037908230110447;particip;
13413317273949398303;
12674004753069374596;
9046954334816898563;predict;tempor;form;
5866836624197250653;simul;
2415209038576128833;select;
5409244580111112561;estim;
15965874212677736322;statu;institut;state;
9701807267507112152;locat;rang;
5031058785156796785;knowledg;
2370260241750079946;valu;estim;
17788181262362760709;
15749400924983258514;zone;
11396727326830223115;tempor;
6098831451181623156;
14236770632204353228;qualiti;rang;tool;
7274676898493308587;
7282053528550575200;subject;
2911861836640273608;
12614404222610820103;knowledg;show;
16324731261619135987;firm;theoret;select;
4500109189950961551;firm;be;peopl;particip;theoret;sens;
14994903313291264059;
6279715815098793606;
14379055311675047949;rang;zone;state;energi;classif;
14060077900144565352;diseas;locat;age;design;
13119766986741425799;locat;predict;same;
13682681307753172607;user;institut;
17302414429751436192;institut;framework;vulner;adapt;
2903806314462118841;show;literatur;state;
7309305180942008132;form;show;peopl;same;sens;tool;
17435452432128621675;framework;user;sens;energi;
16244399186800690255;surfac;
4920488729313197044;be;diseas;predict;state;form;
17616698758256404353;
9349905938998180329;form;subject;rang;tempor;
14395399321678793024;firm;innov;theoret;
8388045333427356109;
14909489442999569373;statu;
6108268422491459476;
17385398044346996449;state;tempor;select;
11455019195084196360;show;
9973882367357292295;classif;same;theoret;adapt;
10816654763263520673;
18008050580189604051;statu;diseas;theoret;tempor;
9726985144448415909;zone;ecosystem;knowledg;
16983211005200827301;statu;ident;form;peopl;tool;
1217034681161090847;theoret;
16629871028286408034;
17611600709094371773;predict;
17400076314305888791;zone;
9839365737390121913;literatur;
3868428004611701218;
9634048693520445634;show;test;
7984052730754687609;form;estim;
17018167756872845863;statu;tool;form;
16049328016281210746;rang;predict;form;
14189159924165295244;valu;
10166839094586020454;
15625288025124211663;firm;innov;
13295775819371716393;state;test;
8458514563137936438;
11410819745137344211;qualiti;
7789459710732149626;
2692524111969092715;cost;design;energi;tool;
6391594154967202278;rang;tool;
9615400638582991063;
2776614248469251534;be;site;select;
15781155303651540899;innov;food;framework;
14167699914715082269;qualiti;framework;
7977994240856534939;form;literatur;
12446583616023970730;
16714539897331683875;be;test;estim;diseas;select;
15806319440716242013;zone;
6092493430563700751;locat;site;
5342685483545991912;institut;same;
2174554965852406690;form;simul;select;adapt;
16499139200140444758;subject;
203215992587004192;qualiti;valu;
4053414068552757818;be;show;flow;same;
2520170133980632933;institut;
2827284050849064834;be;qualiti;design;
14542487172399743305;zone;
14913337109328807785;
9616806272624322435;form;particip;
13085987284539356989;form;
4380710881689775640;locat;user;
929762932785975037;rang;peopl;tool;particip;adapt;
8664653506683515947;knowledg;theoret;simul;adapt;state;select;
1478451537991657668;age;literatur;design;
18002118037598853863;diseas;design;
5657881540599787128;
12389925907815293790;age;particip;
9290761082671374433;predict;cost;
12577165629491830185;locat;due;surfac;valu;
7452724221276045800;theoret;peopl;tempor;
11300728188101819006;be;
8522211850031346104;qualiti;
16044481923792138428;framework;classif;
18085774403950385175;zone;river;
3156355057260800693;food;flow;due;valu;
16103845066458186172;
13196352800000505337;classif;predict;test;vulner;adapt;food;literatur;
10309159355320324917;flow;same;select;
5658608255383495835;design;
2634842598413545150;design;
4372119773285168482;
13563662433519085203;theoret;framework;test;valu;
6655851123884698568;qualiti;due;estim;valu;
8836214754636785157;
5541096183742928379;simul;
12198323473206308827;simul;test;
1285957850048095478;
5770059756120334692;zone;decis;user;
13277193715506057671;zone;sens;
11839833005107839682;tool;state;
9842286446618523040;cost;estim;
491047009427257963;be;tempor;framework;
7899098823004123014;state;estim;valu;
3099551238662276124;predict;age;same;test;
834311257404355295;predict;particip;
8922713699161472038;form;
14316426927703720251;same;valu;
11992932875702413888;
16730801853199202906;classif;theoret;sens;
14458444477127296428;age;estim;decis;
1226887252453554024;theoret;
14486126051125697513;diseas;age;
17381464704138070795;institut;literatur;select;
9699342504716563908;
6348162765783008748;theoret;
3381007080750599109;
18428749465993921069;be;state;
16693344385978568615;
11823329970898025226;rang;state;
13760138729762463286;
11352863057198664439;estim;site;framework;
6692872976755145971;
8398116855994055216;
5647594942315207000;statu;river;
10699564520931886123;
7580246514750033031;
10996407037828939323;age;site;subject;
11595245913059804674;
11370913711763707191;framework;age;literatur;
1488080914406482603;peopl;
12655541203070074642;select;
8499417555616565411;cost;energi;tool;
6642013150724481084;peopl;age;
16477421020101727553;be;
13204473530291646907;
7286362724975462013;case studi;
4304349128518647873;institut;literatur;decis;
611718514943894539;age;
8201146711010901702;case studi;ecosystem;flow;qualiti;cost;river;decis;
17122727434064902773;state;
9383185463487905811;be;
16819478448586792772;
17645760952633302273;
12970542826170310767;case studi;theoret;valu;
6839019415780469642;form;
9583564141724343664;valu;
10533050216933093708;
7217282880323554388;cost;
14222493876078096624;
15158472739100457061;flow;energi;
5075043935563193304;case studi;statu;
14036802648632374969;veget;tool;same;
4260104147993054163;predict;valu;user;cost;
7252301590348932079;form;qualiti;statu;state;
7135035285652365381;peopl;age;
14926816337540496107;surfac;ecosystem;due;sens;
5292414076061148919;form;particip;theoret;subject;
12260233629933340876;surfac;form;design;
14030558348737927971;adapt;
5206733706246355262;estim;ecosystem;
16832275431297815234;adapt;decis;
13142603290569996493;adapt;cost;valu;
17262695925448853504;
8563871117470419733;
567297173280178296;rang;show;
16025202695895306092;peopl;
12404581769498844881;be;particip;framework;decis;
7505815539249973163;framework;
10474510974713050998;rang;site;
834389831004359174;flow;form;
513044656429837655;
14054563727090017243;rang;predict;knowledg;form;user;select;
16161413782827374733;knowledg;select;
5749589852345380604;case studi;innov;valu;
6936968332397370459;
3909970800908713465;
11754715943239466011;tool;
18186959997727336132;rang;simul;tempor;tool;
2528386213769865227;simul;
9081606597072342538;
1031838842490024331;age;state;
6502909583833138350;
8546256022862429143;peopl;framework;design;sens;
18393355444124919027;same;
7955259468256102734;
3556100296280177656;qualiti;
1928126416453736147;show;state;test;
3749999583718115392;framework;
16860283596484494665;select;
10030616339111652285;state;
16837785909966299671;zone;
1579985204683709848;show;due;
17027362095171633325;cost;estim;
3312552222087936214;valu;framework;literatur;subject;
3592553216232078080;
2015401250409196627;theoret;state;
14072993236140290816;locat;peopl;tool;flow;test;
7222429864848097263;firm;same;
6749785606721750101;qualiti;peopl;age;knowledg;user;
10729136950889812770;ecosystem;
15934262356001351648;literatur;
894712591427880701;firm;literatur;
13688400370647414053;cost;
15472150373297798954;predict;
15803747546215212136;sens;
5010640462134362695;classif;locat;age;
5728083808441835106;subject;
4360750368511851729;
6069690160393790691;simul;decis;
3920645220709307871;predict;case studi;due;decis;test;firm;be;framework;
6979043508984858490;institut;
6462828514188575746;rang;peopl;
6863770548309766245;
6874929389842882794;test;tempor;
402496196607534109;cost;tool;
7172316436222227871;
1428044527741734996;firm;literatur;framework;
13143111903899010249;firm;theoret;decis;
8900815515773120986;predict;simul;estim;
14495251185655385914;locat;
15766143534075796460;ident;valu;
14692350946164374232;predict;valu;
11611092016917823288;tool;estim;
5536764606571475651;diseas;
1131242977152349926;
10770738659954620328;classif;select;valu;
10033774019346937946;case studi;institut;design;
11124350477096122063;due;user;
5978505324400362173;locat;rang;theoret;
11898708529977275598;subject;
3839324202584432885;innov;
12115429241098262449;site;
5748057243008601771;simul;
13499369907523981266;
8516318776873472582;firm;form;innov;
11469908197613975580;rang;simul;
14568493970069453716;statu;diseas;age;valu;
5969718546715030356;cost;test;river;
14498131818807995747;ecosystem;same;
7248310977825768978;predict;knowledg;simul;locat;
11818293051700625977;diseas;tool;simul;
5502441640304802541;firm;be;locat;
11188130356910456660;show;
15066976194792409802;
5260808691439952360;diseas;tempor;framework;temperatur;
5226469085955963830;
13014567872785434676;classif;valu;
10165725124600982053;institut;
11471674334726147293;ident;institut;case studi;ecosystem;adapt;vulner;
3695171676832977180;classif;framework;select;
3834460405689721308;sens;
17294475667785028288;predict;knowledg;state;simul;framework;
14592831105341620476;
11890156425340547283;show;
16844054944903780759;
12697796442744022901;cost;particip;tool;decis;
18107909472848978461;
14002450063053923292;be;tool;test;
12541270249649475060;firm;locat;state;
15413042796585060930;due;adapt;user;
5050861518802247346;ident;
1029297150984620056;rang;design;
2912683365744949622;
18326666799412810349;
14434764086607739734;
9194755853355574955;
18023338712559793847;institut;
2495114850694326093;
11329485734357612137;valu;decis;
14853819235638115563;form;same;
9918519160182006244;
15193481822616101012;
9715656947579397826;state;statu;
2024495557696999937;qualiti;simul;cost;tempor;subject;
7415395018247648920;institut;peopl;
15698773462087394286;form;peopl;user;
1483192940289362663;case studi;
11214020505754228918;due;simul;
11104451922945229255;statu;
2519835378801857692;simul;test;
8023934329221657933;firm;select;
13348388917612881079;estim;locat;
555087383323839030;state;literatur;design;select;
17341728081083085052;form;age;qualiti;
12008314423097487733;form;particip;sens;
15650835954305918976;show;test;valu;
1512624822764680002;design;zone;ecosystem;flow;rang;river;
985118455963310087;adapt;
18228289030512851673;framework;theoret;
9753193582716993106;institut;
14202498462362710905;flow;rang;due;
13966890450434906878;case studi;tool;
14813854515999289944;framework;
16558124303030346446;valu;
14438437011451823600;subject;
337183290941388917;
10991321187408686324;framework;
2206946647888085940;tool;
17698147798030344182;zone;
16034865809677765135;
18131363068058921840;
15298339823261505499;
5801970572700994845;literatur;estim;valu;
10728582476284410764;
11342264385591055133;
14203952736086231843;
15817266619301168147;
1273293464840985981;be;subject;
2436148309027994683;be;form;
8805708324229765444;
3795678169354175009;
4053526333959488239;zone;case studi;
13989468149411158652;estim;
10535407373798594415;ident;
5208666779280856944;institut;framework;
7699766427983572408;statu;form;ecosystem;
11213792478889491758;veget;ecosystem;predict;
8630794593762143573;
10393018579370758780;cost;
17398315429100639334;form;
17908611714969604329;show;estim;
8777132649643242569;
9816030662946906421;surfac;test;rang;river;
10550308106903552430;institut;
14489689168738168050;peopl;
4808414494492786321;institut;due;
15461811543745887939;ident;
14164797287088955111;rang;locat;form;theoret;decis;
3457357915691770399;age;
10760726930307865057;
8672531263981113464;
15888341849774171448;classif;
9972661953358887582;
18026423820145262245;
18171313651673824820;test;
13436851488755927543;user;
13238201779498674218;
18083732054004850648;innov;qualiti;theoret;tool;
3768644817633148716;institut;sens;
4957330357510648520;test;
16367685151841990878;test;
17383015700925247862;framework;vulner;
6816645964030950578;
3681756018882461304;
9529357292020291360;
10582127555552769041;be;rang;form;peopl;
9159306801269130274;form;show;due;simul;cost;design;test;
16339031176163308263;
16174810857882652481;select;locat;
16668587952418587266;vulner;institut;adapt;tool;
15833792657950319601;firm;peopl;
3772239893031195947;institut;form;zone;peopl;due;vulner;
18435476047168641089;framework;
17588461751700506835;
3136161303092554563;
1342053062154529889;estim;
12412101379955597015;tool;theoret;test;design;
18428124377980014365;rang;peopl;literatur;theoret;
12131750108033218156;locat;peopl;cost;
5268129576368802417;particip;
6164962964114004845;firm;flow;same;
14743227115704609035;theoret;
7551482448852490722;
15875795027243122512;show;
1979415486100853677;
15721824988766060560;age;locat;
12812800870502340313;
7082026782810490774;institut;literatur;adapt;
14397157262465247818;show;form;select;
18164244392262229111;institut;river;
8828078890308619;
7277278070817100656;knowledg;site;design;
15901037253053535115;estim;test;
11345465494951012333;show;veget;literatur;ecosystem;
5199466677252201824;locat;
10645258141774326611;
15048623969350429424;user;peopl;
8371363954824889539;
12182958425428052598;form;
8464013816242322693;
9824796267983475051;form;
5610012240542517433;literatur;
13015352384954126673;knowledg;
15948326019387950927;rang;same;simul;
3919872760727413215;be;statu;form;framework;
5739173870049942978;
15191176845940634335;zone;
17562946039838070630;form;peopl;show;literatur;
4333316570004628695;rang;predict;classif;
5683367340827574696;firm;literatur;
7637170482071992634;
6722780232064025809;theoret;estim;adapt;select;
1088323345785236399;theoret;
483538246629254650;
4095642946198047114;
14510559664834677675;be;due;estim;
3502793149843681581;framework;
17198630755499428922;age;cost;
15992859008663456787;test;rang;
7050316477663636123;institut;energi;
7037423006322450435;theoret;
13703245478710659107;case studi;institut;vulner;
7111715607094370529;literatur;
1942095062759248642;knowledg;age;particip;simul;sens;test;locat;
4969135363021436624;
8633952387105422093;be;zone;qualiti;literatur;decis;
10861234023739096381;case studi;design;
12292676960830178823;ecosystem;rang;
12710287704572659921;due;estim;
10520525942862629457;same;
4521167975068893234;
2082511677096063277;rang;show;predict;river;valu;
2790639534749897389;
15100457817156290199;show;
11257823483419939402;
11903182268950961618;innov;tool;
6493595415299418802;classif;
6018307257404326215;
10220217226186145789;flow;
13973422931576406877;site;
555256199104743189;
12058244608296746172;valu;
17126235959373918174;innov;predict;particip;cost;
16675771834501790882;cost;state;
8263372487115265218;form;theoret;sens;subject;
10547878247922295832;zone;
10484410164394206216;
16035091143350004612;form;show;
15560063419021575421;veget;
14768122785460374652;
12065087155961710388;site;
3328578416045138117;qualiti;tempor;
8660230525118307251;peopl;
15823313378180062345;zone;
6083505660212980312;user;case studi;rang;adapt;be;
1101198779405705960;rang;
14993309568377661207;veget;site;
1819570045680387305;simul;design;adapt;
4917494706425707033;framework;estim;classif;
4621110226790542217;particip;
16275980395809926269;surfac;tempor;
13577062423001113071;age;subject;
14079095224649537395;energi;
79773275100923494;valu;
4068834925173211653;particip;
6031173447895055726;theoret;
11842912266925765134;form;theoret;framework;design;user;
7013892690161489410;
6654634259541893676;
12718947833239738999;tool;decis;
7518843416496473884;predict;adapt;
17731281096705874015;be;peopl;tool;adapt;test;user;subject;
17209808013975227319;classif;locat;tool;user;
5449613968677146838;theoret;
6020168803778937874;adapt;decis;
1434623051969034489;show;
10662608499222498484;subject;
4200725332148778478;zone;
3551528640569214865;form;qualiti;simul;framework;
207956334320853805;select;
5568557124755376849;be;simul;vulner;
9801051324450689898;firm;
9725823152440635388;tempor;design;
3784630315130426816;
17108330623970677749;institut;zone;vulner;
1568111486229622334;
8116420472768603939;flow;
9456315278725389739;show;statu;zone;state;
1338868986307625915;knowledg;
2153196010763605348;classif;simul;
1098610370106277079;form;valu;
5035758240060159169;be;theoret;literatur;estim;
6311594315937139406;state;estim;
15383296302549691816;knowledg;
17514815379515339998;ecosystem;
13201668423508423961;literatur;theoret;
6807646703688825952;cost;locat;
10991846780595109752;
3138069326551433897;predict;test;
5249858953743097995;
7413775720144024974;
1841717304592367244;design;institut;
6108483410822794902;estim;
1426502062563824170;ident;
17004386235020215772;
1652656718218078578;due;
10503652805365151673;test;
5102528244514609926;peopl;sens;
10466816859685705360;theoret;
9709866178869591155;surfac;
7820925999725750163;tool;literatur;diseas;decis;
5215228143461722379;framework;
4654609097644019350;state;peopl;
9806415883952632992;rang;show;qualiti;case studi;same;be;ident;ecosystem;
12545177111326114239;
14126009346404345003;statu;state;
12570816051165724650;form;theoret;valu;
2610553645533349879;be;
13159368812910151612;classif;form;framework;adapt;
1309474506693421489;be;due;same;predict;valu;
7314772773365384645;rang;
16774856862124664278;predict;theoret;
15419397177403801110;tool;
13805417772736369116;
8065873078037047763;show;peopl;
12611516261077460428;ecosystem;literatur;
16917203941771638485;site;user;
17797145840602625129;
5204899254963132652;estim;
10842125325293062282;institut;
3974591900041350762;test;locat;
10264586581842734958;form;
7963432323129007389;
2537184898562514737;case studi;surfac;due;form;
14547342529241226168;firm;cost;
10750278397057582076;
4823810579080371539;
8414632459935064634;case studi;literatur;valu;subject;
10439192063382927094;peopl;
2718783937944561371;be;
6791143344420436645;show;predict;test;
3969743421310974265;vulner;
12890083134633130909;food;framework;
10391628637873477219;peopl;diseas;
5873744904444682597;ident;
10298297220252024700;predict;river;valu;
1553859168981457851;form;statu;
15052383585111522160;
16902526130583446594;
12526526596166894173;surfac;
2348811064478516564;adapt;
6249787305311561121;firm;predict;
14630662208448491902;tempor;
7527847531574006090;ident;form;particip;
6884964792424233342;test;
16388342901260790011;simul;temperatur;valu;
435515704312492069;
17314289872160605504;rang;state;
12826249600253269008;rang;
15168654279412205661;theoret;
18080283712935915658;firm;due;simul;cost;valu;
16055417236719694978;
416773617446547470;be;user;
10094612759905070194;peopl;rang;particip;
17519874769124516043;form;
5208688512490195494;state;
3741933751709278818;
16762810864284179728;design;
10677696335842110972;case studi;rang;zone;ecosystem;
4043019555973255036;user;case studi;subject;site;same;decis;
18367043577921244812;
8122185426359203972;
16142205466814699522;be;user;
13649054625526379705;tool;sens;
6591304542492759221;
17525549815339668105;
5945312312975201648;
17726027477441444979;diseas;be;peopl;locat;
1806483061085020405;valu;
10283568981244634891;
284104573133783587;framework;
3029546493659290502;tempor;
18360624767748191644;
18110384107998524493;rang;qualiti;design;sens;peopl;user;
16830074924564983537;be;
6672933765440529907;
1411203620640968682;sens;
12302867795931005041;firm;
8740747011468659344;site;decis;user;
12300944088892228037;be;site;
14085823985841959641;tool;same;
3368238845765818004;
17905960392165080063;food;test;
4217520108854889122;be;
9664338613190281873;adapt;
5711196442589595011;surfac;show;cost;
517176511202862594;case studi;be;
14958530463175729118;estim;vulner;
11201558466570807428;ecosystem;vulner;
6491647577332215180;valu;
11230094827245080850;
8027845339591312742;zone;qualiti;
8999997302269393318;rang;knowledg;
14605792652968128865;institut;literatur;energi;
2657045013905643866;design;age;
18361532257680599905;institut;state;
12369180553936207770;form;subject;
17105728399759437181;ecosystem;simul;
5251343769730355477;ident;
3712622461943474715;tempor;
6953706730281766196;veget;show;peopl;valu;
13669708575369236040;theoret;
12329254233945332405;form;subject;
7361536526231223743;predict;same;design;
5007466482824820798;due;simul;
15717247249153368754;classif;ecosystem;knowledg;tool;literatur;framework;
3417898554512036973;framework;
10944294146295743392;
11627281101004355154;vulner;particip;
6066195442270336198;firm;cost;subject;decis;
6444828690277696724;veget;tool;site;
5380220260540604548;ecosystem;
11672687397673207146;surfac;temperatur;classif;
17322237867501893302;statu;ident;qualiti;particip;diseas;test;
231841861902800487;
11368952419849562091;locat;zone;flow;
4788078414712516260;show;age;valu;
5972308545189337228;estim;
18132455908090022336;test;state;design;rang;
1511588256249298698;peopl;age;user;
777125429001405757;due;
2781897171808007278;theoret;framework;temperatur;energi;
9364060684207308197;rang;predict;simul;
9615270243599640591;adapt;
6739231910085624439;predict;framework;estim;valu;
15123552256290319445;show;zone;
12967116259127328655;
6386186667907852924;diseas;knowledg;test;river;
17577873638657688802;ident;institut;form;state;
7375861836040918874;
12068719186530936445;sens;form;
1738405237011882221;design;decis;valu;
1799468495599080467;show;flow;adapt;energi;select;
10277588502948873795;particip;form;
3120805160270708171;zone;food;due;temperatur;
18145787691453040459;case studi;sens;
8908082973676945930;
5745497354157873721;select;
672962759906562927;simul;tool;
4100652962330597661;classif;simul;adapt;
5419015047882006200;
12686684400678944646;diseas;literatur;
13339234053619071844;case studi;form;peopl;tool;
17375964545083017897;site;
8667515303114934112;site;user;
7114082863798299104;
17945132280757991617;be;form;due;estim;river;valu;
15298627292080888156;
1517576372966435631;zone;tempor;state;test;valu;
7329185034163498520;locat;
1932163583083044869;statu;particip;form;peopl;
10031369693537783782;rang;estim;
7572825399150824026;institut;show;theoret;energi;
4337593465136207820;zone;show;flow;framework;
10700305950718322472;tool;literatur;simul;user;
1938663060375810997;age;estim;
12894577723152012893;case studi;tool;vulner;
18403061381229628242;particip;
2815067936160533992;knowledg;
4944003448985227971;
15310856557383751421;
7496302056405799736;
4278534996482046313;ident;tool;rang;show;
8468801783812716658;
7747764840052054769;same;sens;
5252645202594036373;same;estim;
13279040681141958098;
13628299188845969278;knowledg;flow;theoret;decis;
15927135468114717590;cost;zone;site;locat;
7042025608361916404;simul;
16727946672000606242;rang;
14500748491237404599;case studi;
9921470880422563599;estim;
1626812067802543283;firm;form;show;same;
13279431941969076530;institut;state;select;
10165508443172242991;be;
13135477429289091220;site;literatur;
2246124274659537904;
14873064680974434166;particip;tool;
6234719208404045400;framework;estim;
880438390183649270;particip;
17731127396440963477;
8608281818593866442;peopl;decis;
6758431156796680315;age;locat;site;
13705901573578956648;firm;theoret;tempor;
11383510340827521825;framework;
11075751139282483378;institut;
3848943091184156052;ident;locat;theoret;
2319202001850737832;rang;test;
17035100725676374134;form;simul;
3889294306573895274;statu;peopl;
15840506285316921331;diseas;state;
16720317923177882635;due;
2333547374662368572;locat;due;state;same;
16367052236888621682;innov;theoret;valu;
14137438417453311118;
11982135250534637214;simul;
16497041199437439958;select;
6587217330848228663;rang;veget;due;
5464843160668804730;age;rang;same;
6724415689255671550;
5408964239308157635;predict;site;user;sens;
3967872545820725523;
12015945217999607803;locat;age;energi;
14944470098521629005;
12563164519461381084;rang;institut;tool;theoret;test;
12441624726891572241;rang;cost;valu;
2902376899022202821;be;literatur;
3461449508321892270;adapt;
4013903244334772674;select;rang;
10347161579204697661;framework;design;
829748876762885119;institut;
5447320629562362912;due;tempor;
12034207875878580674;
14448050621724222498;
10921068193715319847;
6447956651104400889;
17465218638578246854;show;particip;
15649402078637055218;statu;institut;user;
5738344954634745626;
448298876094664510;firm;qualiti;
1393661902258358965;
327416439961795292;
10025118775927327514;surfac;zone;show;state;
89433055135125553;rang;show;
3364638083913922839;sens;locat;
12293368125987288688;state;design;
16753162912910650189;
12362965270271442785;ident;particip;state;sens;
3843451797758377993;
17137319320965917987;firm;institut;framework;
13239590862212687780;rang;age;sens;
2045268091037042196;framework;
2014171441788950862;zone;veget;age;surfac;river;
72670218085105065;
1539607294936126914;diseas;due;
861570284383173030;
17073716474242380517;valu;
7727660146894979460;be;
7479341903135302157;
17550558944282030951;valu;
14596540610144082343;
4700333113446885253;due;
5211437890934529626;same;simul;decis;
15074896300654963197;
14992604396724909737;
327597670919904048;same;
542462478638068421;predict;simul;
6386877593223475693;zone;simul;
265640784521652114;
7104560595759184212;firm;innov;
13605880745797200688;river;site;form;select;adapt;
7753233441697637588;state;
6420069154514629234;
17729149089060606534;vulner;
2368409227665512845;theoret;framework;
10637343474112675179;predict;
5571911159453671365;surfac;river;flow;
2529603398864482912;diseas;subject;
7585653409247557334;firm;institut;innov;cost;
12758731901003015043;site;valu;
1849790996002489515;select;
6248686829899823785;site;theoret;state;same;valu;subject;
8962498779254248051;test;
16501420394885114477;
1351474134111035437;
7756306373841627665;diseas;form;due;
18440728662207539664;form;show;valu;
10344619407955386635;age;flow;design;
870763136974838219;case studi;
3759218008123796502;temperatur;valu;locat;river;
772940415885165556;be;institut;
8077876224467581621;
16674648579978303300;firm;institut;show;innov;framework;
12317603598572057917;
312768424524227714;ident;particip;
15955952459787410659;locat;state;
7145063235432161920;
13641350094684458307;
7239818556676106284;literatur;
5175654460425706426;innov;simul;same;river;valu;
14150442820118112080;
11500161571723801706;
7832036171135993528;
9341417978848832297;knowledg;
18215107827604953063;
5539128275589998411;firm;locat;literatur;
17523200534257370821;test;
16557129269154924613;tool;
15148487086999416622;literatur;
16282171305541976313;diseas;
7259059488135117151;zone;
2651227896930748109;
5811956739138448654;energi;due;estim;sens;tool;veget;ecosystem;flow;
1614690461372327322;
8647100006758828008;rang;statu;estim;due;test;
11299400267950654529;qualiti;
17408607722674997726;show;cost;energi;
5706365827676820484;diseas;tool;state;age;
18045669868789459004;be;
2649029715397425297;cost;form;due;locat;
15770864504635564939;surfac;
6668678568080634331;ident;show;adapt;select;
1296367525858860338;
15357860492710856969;case studi;be;knowledg;tool;decis;select;
4634777260185356344;peopl;age;sens;
3869728428203696197;form;knowledg;particip;institut;
6897310545588521867;cost;estim;
12873654233603177718;locat;form;
7030288555526360293;case studi;sens;valu;
3387935438455310174;case studi;test;
14164299253790036626;
11187980269061202513;
314107730054892735;
2282643414863077092;
918175943206100732;
15924692482095636406;
17376863394750504288;be;show;flow;select;valu;
11108998232887052054;simul;river;
3459652539809707107;form;
3134501576332005301;
4724644620003955088;peopl;tool;state;
16043655182502620280;be;sens;
18386589653413410258;predict;ecosystem;theoret;framework;
11049191012088189885;
12173627345941189798;case studi;valu;
6737613535945672739;innov;
11824805271819823025;
5192390891715835386;be;form;site;tool;
1344406093216604312;age;vulner;
10056450882976566928;particip;
12620248080072705501;
14299533504582903508;subject;literatur;
7192704660063555236;state;ecosystem;
18342704647373309441;cost;estim;
17849480907480729768;age;knowledg;
12580284943541759313;tool;framework;
5227298217923332488;qualiti;statu;decis;
10430115416962153676;age;state;
13044407002279443284;
10396130313633402099;
5296752809593239683;
147103752075851947;theoret;
11889494592069775134;show;
15903005085125932790;knowledg;predict;surfac;classif;
11560201488980627559;tool;
9516388535697072538;
10480461462344973961;locat;
4826773389275678064;framework;
5992039165807660029;ident;tool;
14252363560691477099;literatur;
11466055283696156388;peopl;decis;
8270659156993299347;tempor;
7119133690015310425;form;age;due;statu;
9858146722597602223;
8877881167674473113;literatur;sens;
16010861898681795017;age;rang;
16018922640002542436;form;
14058667053147769704;design;subject;
1640880704949355836;zone;show;surfac;
2364918797031330337;institut;qualiti;framework;
13221554186297647646;
1761434165225949241;age;
11712076302654843863;temperatur;
16290330388231349061;subject;
6971809764517354763;flow;same;simul;
4325574392761718615;simul;same;
5322157415978095001;tool;state;subject;
3938474847827477298;ecosystem;adapt;
3026067374103179131;surfac;temperatur;
4086387867034491419;valu;
11916723019431027258;institut;particip;theoret;cost;valu;
7000157856718945136;rang;simul;due;
12284551268748142328;
3290958489101500964;peopl;particip;test;
13167205446310583160;same;
15656935376538089234;literatur;subject;
6045050908491545858;surfac;simul;
17361683415379800043;
10317537440353235088;theoret;
10449068212228800583;
14323705746354380554;show;
7596957009878295476;rang;due;flow;
6988614582190515852;surfac;test;
9388049828721051201;ident;
15218165139987451361;show;decis;user;
10839262517737278213;locat;
5990539713122647604;
8262538128025507492;firm;case studi;innov;framework;valu;
11922082623216230662;
10349911065602846722;simul;
2730234639589533867;case studi;same;simul;cost;
1494701021289385248;rang;
12339766354771589522;zone;
17380973308541599660;locat;form;age;same;
14998176191392029971;
2656775593116814839;
14728245003605575310;literatur;
14042918712464230183;
6042479523303414752;statu;qualiti;valu;
8255899353746865953;
336315431951931245;state;
1881135510243922252;case studi;particip;literatur;framework;valu;
13420320961298461438;
17857075918764050511;be;
5866606606053921696;user;particip;design;adapt;valu;
5007005022990824990;particip;design;
13352995313577024013;river;site;
9020403315678158471;firm;
7857385102642326484;be;tool;due;simul;
8135115570982475718;
8681098392647110990;form;
6071508476371003458;particip;
17043718361762306644;be;ident;form;
3284542556573888853;
15363435225343605206;qualiti;simul;select;
17391236149461498984;state;
16299447026638269082;diseas;estim;test;
12667788117078462594;institut;tool;valu;
3544594734203264891;age;design;test;
3939370471047120191;
10470453669594995604;
2102790372216366861;predict;select;
5950996512172277058;firm;institut;
16058868812392252316;flow;
12648095665243085030;be;
454953671339376579;design;
13387286944662034227;framework;
10806819384588760285;
9405281172168163156;predict;tool;simul;select;
16030540682204175073;due;cost;adapt;vulner;
10251732778079742616;temperatur;adapt;
8867241032827260133;design;
17253635397127958503;
9436229324732062158;form;
3651924631986869120;peopl;
4798939207946428470;institut;rang;framework;state;adapt;vulner;
16805697868431879496;locat;
10491989618726539411;classif;
10584155436797896823;
14631811015350950523;flow;theoret;valu;
9635208222808567944;particip;literatur;
2074147933695325338;qualiti;site;temperatur;
13884707852295300503;
12040939492058947575;
6300820884612989982;
1679372444830359840;institut;
9341219512133153623;same;framework;test;subject;
16773861079210337760;
5953625350548566956;firm;theoret;
7409803496346576130;institut;peopl;theoret;framework;
10128084676174792683;
9054034388664762583;state;diseas;
3526837561776185412;rang;
3598761962983757592;locat;
14670815586013155829;adapt;temperatur;valu;
6841831262583975984;simul;
11791059518141566066;be;qualiti;user;
7224763829438602088;diseas;
2476657381672707625;firm;
3028474871025605057;knowledg;ecosystem;simul;test;vulner;
11875820669077298442;diseas;due;adapt;estim;
4203031219448840416;tempor;
8100798215461942180;
14338132931755804923;cost;
7988986473763765457;test;
8939402294688192373;energi;
11546408907067504749;user;design;select;
1862436147073975571;
14042616910624198567;
13496487756369944379;
5315469257877119482;site;
7711542701398207528;
14850117714212706606;
5637736725753242664;institut;cost;
4654383392340041347;
8062352965310603796;simul;framework;
10823458066133705961;
9293957802743167508;
16980769915154802833;locat;
7627220071627504576;ecosystem;
615768415335916081;surfac;age;temperatur;
14899341120742725240;institut;diseas;
3769155143485437688;
14174118270321470541;
3865633452773130753;
208900977115510732;
7151951232895931474;knowledg;
15893396494064977467;design;
1173695343857836493;
5739787164360462991;institut;
3215743739895308103;particip;site;
5311232879058680967;framework;select;
14650753014677902081;predict;test;
4484989555389156004;rang;qualiti;due;
334892836257303440;be;same;
6122954264791565044;literatur;simul;decis;
9564932628660665552;simul;valu;
642113263799710211;be;particip;state;
1089490582161010466;zone;
2831589230403934971;
15677232169269238284;diseas;
8916936238109737270;rang;
16625734845538138484;
17996488979484615393;framework;
564924956237246791;firm;ident;form;adapt;locat;
10976471733277666240;
346962930687253553;firm;institut;same;literatur;test;locat;
10365596912115561012;due;tempor;
7415491581116962555;peopl;particip;locat;
2286246417483249993;
14100589156499537187;ident;institut;
14257865210444486682;literatur;be;subject;
160947227489361797;decis;
12720183092367009322;simul;user;same;
6735678596555984513;form;framework;state;
16377284171299610029;river;institut;
6892500615649336398;be;flow;
7820654797362893989;
1842372190576429895;zone;
4642704683937784996;be;show;age;same;
16283113583613529390;predict;
17858969809462957698;flow;
9494994431711599081;particip;
7550690815128077497;show;adapt;
6814592155949588432;show;qualiti;
5599992862933939846;
16484752525219029331;estim;
5666991407365323199;diseas;
855584115403605989;predict;valu;
9116508713128779284;knowledg;due;valu;
3422480592896384303;case studi;valu;age;sens;energi;
9612809789051549216;particip;tool;due;user;
15634871230783886961;peopl;
10123441672786453534;test;
317386684668260516;literatur;theoret;
11511774460263344920;predict;simul;valu;temperatur;form;
10652867812623410276;due;
14059198033118021215;diseas;
4920815587992906521;
2136174499682773820;qualiti;
9211221710296779162;peopl;state;
7282627733388727943;case studi;predict;framework;vulner;
8127031878409998223;
16217717545734069272;
8169146318677742876;
3143233508684928566;cost;
9517686905339519614;rang;
7841555414323198880;
7583455762725278898;
148528820630612072;form;adapt;
2375596962384407043;
14553657979184249428;classif;predict;select;
12727327426645456725;ident;particip;
9751357081172122767;predict;qualiti;literatur;
85456533013574747;
6775699730535455221;particip;
12379594384970882079;tool;framework;state;subject;
12061457621587351741;
9246861555573749802;predict;show;diseas;test;
10705760529901876612;firm;innov;
5259793583041131036;
13993789347398025104;tempor;
4780460744283496738;
1426718604170844077;case studi;locat;
18425085832092840512;due;valu;adapt;
9219018101705137218;institut;literatur;same;select;
13482353028010189795;
17746806653121580330;estim;
9235871222558854832;surfac;
6005656647587511705;show;framework;decis;valu;
16736283522487035448;temperatur;
10323496463946431807;statu;ident;form;knowledg;
9824293566107546741;predict;knowledg;
11970435675149528981;show;flow;simul;
13976970458283244690;subject;
15095095450509152633;surfac;show;river;
17247701678631150489;predict;qualiti;site;
15974147135134989690;
15300628473820026465;
10703006088097445036;flow;same;
9598507076759975059;predict;temperatur;
11462201490072276160;peopl;design;
2122439767096754262;simul;state;
13046182387915099919;form;
16782494318978985922;peopl;subject;
406330097348489039;
12074791627335969480;user;be;
3255576151103725591;
7516204158801455444;
7646987548628140880;peopl;particip;literatur;adapt;tool;
6479911044407177806;same;
8904443756508946785;firm;locat;
15987059420938837711;
15658286894691229894;
3062630970667912531;rang;site;
18088706960164762720;framework;
5540209421504667131;
16744713827979514952;show;
14094530239089537048;rang;
15220667980201431690;diseas;
15562369576126973711;
16897414818370745215;
6966438555055507242;particip;estim;
6447959156702523120;
10995334724193373818;
4534330225218751185;valu;decis;
17098239070762925876;firm;locat;
14396327512065288607;show;theoret;
14715382506428545598;estim;
7326638563904143505;predict;adapt;test;valu;
13098884108482343980;case studi;be;vulner;
17834686457247579105;
1120349177777646080;form;
263596376012919141;diseas;site;
1719353867614609066;
4775727553274107503;
12595493120613903519;be;tempor;test;
10391060056115799216;
5498814720413676438;
15345111394105163517;
8180711486027441021;rang;predict;flow;state;design;user;
10807986876856410467;literatur;tool;adapt;
7192111467843982782;vulner;surfac;flow;
13538117185845330327;
2598266444088209003;
10068172261975523399;cost;simul;valu;
7285174410870011339;zone;
11862696006788612128;statu;qualiti;simul;
15320124019425457435;design;
199799041832127150;firm;
17051066911220384238;predict;valu;subject;
15930058941526726960;
13912531300625891856;
12277867620617149508;
17741557979482585752;veget;same;due;
13857450270587218999;diseas;particip;estim;design;
503155717313126840;institut;
18282409755244513541;
13040556498135840403;
3962548750837829009;be;framework;adapt;
11026966835267261504;framework;sens;
10853166514571877863;form;state;vulner;
1501696401783843862;be;knowledg;ident;locat;
10090949747912544277;locat;rang;due;river;
16236486863014016293;form;
3576151226732243367;institut;predict;show;
15192246382476044460;knowledg;design;
4292875722037817466;be;particip;design;sens;
4297464848132087130;particip;tool;decis;
8230786906285369235;
9540758534282091359;
12194580217525885576;due;
14486869159148456942;form;predict;simul;cost;valu;
11837187513811242400;estim;valu;adapt;
4973157156227712327;rang;temperatur;select;
7418167336521628102;
11791365281199229911;zone;age;rang;
16716512319778404125;form;tool;knowledg;decis;
15875100442316168821;
13437953859336480745;show;literatur;framework;
16603819378161836083;site;
610105652313681098;
11264242014207863537;surfac;valu;
15890182278412092193;framework;adapt;
8027640125356267393;
18152087404923492877;diseas;
10147041965339892508;
10858345797447895264;diseas;institut;innov;ecosystem;framework;vulner;
7316845155926630570;surfac;literatur;design;classif;
7556964817653960964;
4958787718050007739;
6698018902174056282;zone;
8226171741742931491;
13555819418216861836;due;
13774746752028287449;case studi;vulner;tool;adapt;
17337262542403603631;cost;literatur;framework;site;locat;decis;
17019923692415254155;
10630628761493805011;form;tool;sens;user;
8296886487563722408;be;flow;adapt;subject;valu;
9646331665420842195;
14413440278932036582;
1569832074280857657;ident;
4907173009142035440;show;
3747973635408949519;
5569536999889139918;
6641734375441451777;state;
4587017452707063788;ident;design;sens;
5107094260393579499;rang;adapt;
7973918132086831270;subject;valu;
16636676518314383757;user;
3474161929864143523;state;form;
5602048343106651951;institut;state;
17182762534229417776;decis;test;
9882178805155913309;form;peopl;predict;
10063344640599288788;valu;
11452625177026933352;state;valu;
3186561041591932150;institut;due;
9402239133384955404;adapt;
609220157704495081;
3554417689613986344;rang;surfac;
12062305841232240593;sens;vulner;
4209794354441289308;institut;same;
6364310272797383111;
4828280867672055016;simul;
17495291798956169942;rang;show;framework;estim;
4678864325312330113;simul;
7300614456364375539;tool;user;
3352823457147364199;
7413828327671151087;form;innov;same;test;
14679075301579294859;
12839834975807502210;estim;
7645546998968894791;estim;adapt;
11573737196352475039;flow;river;
12087860346099144998;be;predict;user;test;
6240927654188759807;predict;subject;
541096197320592754;tool;state;sens;
17804387794312289598;knowledg;
3372645134836453568;
12852671943115656971;literatur;due;adapt;design;vulner;valu;
2674569773425126788;rang;same;
1550278674240135395;literatur;site;
2456876008217454016;zone;estim;vulner;
2502540198130373232;be;institut;
1415861122021183252;framework;state;theoret;
7928072021701936157;
11404432311337100930;
1154989160950124501;qualiti;test;subject;
4306967709009780132;decis;test;
16952305897550550698;predict;site;test;
5166474376136136011;form;peopl;
3008405415208190520;show;predict;tool;state;user;
17876741546841930318;ident;particip;
10858871759835168544;rang;
10330309512470972653;rang;knowledg;theoret;adapt;
12951073203871283559;
4013426066103244317;case studi;be;energi;
10260606283646584001;food;peopl;particip;subject;
10082004464913657026;locat;peopl;adapt;
8817463132472632328;framework;
14112320872707170074;state;adapt;
10305952464125075350;statu;ident;valu;
14566680644051987143;framework;
12124137620159515731;innov;literatur;
6996908993967082339;classif;qualiti;simul;framework;test;tempor;
8809117434454370081;theoret;
1576681772734550867;select;
18089337150873394144;
11329367536768704483;case studi;ident;particip;
8448255612052968930;flow;simul;tool;
2907284603097415472;simul;
16548161577475524535;surfac;flow;state;
13891880588969894057;state;
13858103220130689393;particip;select;design;
13317537844960269013;form;
1926076497446148057;form;theoret;
15628308966590292049;framework;energi;
12014934828909930563;ident;
8182806892937037689;framework;decis;test;
6474361838092254707;
14168146041025557076;surfac;zone;veget;test;tempor;classif;
12889435821312640496;
2161678030321316117;
9914924177076171326;zone;
15072517844228393471;predict;
1602190395800609868;tool;
1067400932766935692;literatur;site;
14917515040594641328;design;sens;
10009082518245317270;adapt;
17035041862689934138;literatur;same;
4315088957886724870;institut;age;
8721094222015351684;show;age;literatur;state;due;
11619661777091000901;ecosystem;simul;
9101428114935913245;case studi;rang;particip;
1725211076283476192;
1426968813249865862;test;
5035349679182410681;
17055734774969068559;case studi;form;estim;
17122797029903286996;particip;
13098559286435533966;
8468403954622007989;design;
12381380324137050485;innov;tool;literatur;simul;subject;
10113713744549334426;river;valu;
13774470431351204622;rang;theoret;due;state;sens;
16129296738038958758;
9350119772306330583;statu;peopl;subject;sens;
10417119824968175567;theoret;sens;test;institut;
11631898137200163150;qualiti;valu;
17686386988456152944;vulner;
8190705376825416037;
1800678535641557631;predict;
4452003672140830454;
8730583801355325287;innov;peopl;show;user;
5853181823433255628;cost;
6103562122848363258;firm;case studi;framework;
3785044647358631117;diseas;zone;site;test;
1569802730153916608;form;state;
16531419982742482473;due;
9461658172019004582;age;veget;estim;
2060711268350417547;adapt;tool;
2697595560645590869;same;estim;rang;
12323825656621374056;
1711753029703663314;
15377316481040121157;institut;
1020439215613851125;
9450455850749992716;state;energi;
3366802460007529075;ecosystem;due;diseas;
14728348093384632849;institut;
15210687129030442302;
8744576340467324442;
17082092650396037555;rang;due;temperatur;adapt;select;
13788173831370974165;
13978108729004092598;
14056971202006905788;subject;
71701339042918686;
385558715348696007;be;form;
3531548788649395157;be;simul;theoret;
17439046857512051664;case studi;energi;select;
5021655804370767846;tempor;literatur;simul;select;
17660815835935629864;simul;
472290619752748561;literatur;
2009987668862926666;
9893371977020158792;design;valu;
5672362119813748225;sens;
9700931879103980887;institut;
9307607782411909849;zone;
15407204464231071686;
10359080113980014098;case studi;diseas;due;
7917706257376229189;case studi;test;
6617264603386639178;surfac;simul;
953968048890699137;
6940425992776877152;
8587424259723083452;
9483839084045297490;form;tool;
7447371179151609061;
390197315832604230;
13741369762548206418;ident;same;decis;
13973992772174842049;
7472063614068490707;design;
10541730149652934748;locat;tempor;
13764039979544287755;tool;theoret;framework;
9428596664436315661;theoret;
13890366259837332521;rang;surfac;
16741869348001716099;state;
16195307245983222238;user;knowledg;particip;valu;
5290731954976825291;statu;classif;state;theoret;framework;design;valu;
7804633488811033202;
6094342000135908507;form;
5694756131468578291;form;
3974893335110447644;
15065084322735244714;flow;simul;state;sens;
15468799745365179190;statu;
18164987776433452924;form;theoret;
17662869680636453060;institut;form;framework;innov;
7190682184130544090;literatur;
2638754731186220301;site;
203587351823557033;institut;rang;
16622132096354432285;show;literatur;valu;
7497612640947569667;
2989313275439074841;case studi;knowledg;literatur;
11541559802118270933;form;
11253299068481629773;tool;simul;decis;
17434103007637246133;case studi;
15355229839948819177;peopl;
13933230821008719618;be;classif;peopl;
5343963238803474498;rang;framework;valu;
10737870188100550508;show;sens;
8302000181625203814;knowledg;diseas;
7854182851659167050;
9633162307067478265;
4170586199523865781;theoret;
10991090023930727355;institut;
6436812898792614175;due;peopl;ecosystem;
14711816563358800185;
15145909352471637153;
3801245627317842925;
17505030591266415341;innov;
3901149004292998299;diseas;institut;show;predict;due;site;
8229787373038521634;same;tool;
8837192411696925118;predict;age;particip;
7035930430786557433;tempor;age;
11958478847612562938;be;
5106016339121747623;show;state;
8537888948400587962;simul;valu;
2720949249421263430;be;rang;temperatur;
7638615699785267981;zone;select;
683511406467226568;same;tempor;
12734372168736750119;qualiti;due;tool;
12844869556250119279;tempor;framework;
5293188335867718142;be;select;subject;
9697619966616138278;
15645460256029150116;statu;adapt;estim;framework;select;
2824433317102068793;
6442469703293621428;
9553218461339822356;zone;site;
9256794042650563470;form;due;energi;
7566373920085565990;ecosystem;
6158731835775235586;decis;user;
4261887964828557611;temperatur;
6432442340691868552;be;flow;ident;literatur;sens;
3851683408341708161;
912151320413264737;rang;state;temperatur;valu;
12057885813097924740;simul;framework;estim;
12900484356711120503;literatur;test;
10392749864974154826;valu;site;framework;
2893665715402693120;institut;form;particip;adapt;design;tool;valu;
5114348514309083494;site;
15529355971247606134;case studi;
11947124453073791637;age;state;
5257195327846580265;surfac;diseas;valu;
13554737887129064550;adapt;
8850907228741846772;locat;theoret;framework;
17659503164739532447;rang;surfac;river;
3074336599925058089;knowledg;design;
17292685643288661630;simul;
9475457913722585119;simul;state;
12679094394145734725;zone;flow;same;estim;
10747901143387624939;form;
2611020608958762644;firm;innov;
3467097229727825342;
18033264760083332423;be;literatur;framework;locat;user;
7095524331612258350;knowledg;
9199798111067088603;be;qualiti;site;estim;
17069781741636211131;rang;locat;design;innov;
6311551624424442744;test;
14916836930653650756;be;
3124762641474931816;form;
14897951028448130632;classif;knowledg;qualiti;due;rang;
17741665955615893602;
17061806473533931681;
14288231556090055938;ident;innov;literatur;test;
3197163161337084492;case studi;peopl;
11605265997895201019;estim;
14219264150094856766;sens;particip;
10917621357237960492;
15823513342291472863;knowledg;simul;
14174734882945452273;surfac;locat;ecosystem;theoret;temperatur;
13629155094827451181;
1531404401627157727;
11871493477669243505;tool;
5855551438302203320;show;state;test;
5130956533596740745;peopl;theoret;
11804387359184216869;
1706078531547254535;be;show;due;
15064904522812164344;locat;peopl;particip;literatur;design;
1345778036243663996;framework;
710179239614022081;locat;statu;rang;
5343824182064711280;
14362403875506901820;knowledg;
16258845033682599475;ident;form;same;
12242303787808123961;
2990997090197475284;estim;
14975934905080140197;rang;estim;
14408623767678700876;flow;due;
12441270432768140915;form;age;surfac;due;
7109035006673776343;
8596122097479343036;adapt;temperatur;
17269207654849287096;
5792550434098267728;
7845786751934911025;be;due;temperatur;
8759201702484180848;
9530536557205134630;
16584471157967771517;
6450675712724913060;ident;framework;
13595774838697150962;
17603032749454864372;
17504655691662862073;
10698076894572876434;case studi;ident;state;
14505961841182390651;rang;select;
13567072666457975171;user;show;age;
4032759008048105645;form;innov;adapt;
5251673913169237894;classif;
1855971177419640835;
931812744131941723;particip;due;
13971001332326418208;
8717736230180721741;form;
8763759797776024457;show;predict;tool;design;
12970711074788444479;firm;
15770934731086483581;institut;zone;tool;particip;framework;
16264557369108523467;institut;knowledg;
5603469525713250611;valu;
9778440285021324005;classif;
915808109563460724;cost;
11019587380183575545;sens;river;
9677962687291603084;form;knowledg;
8130451925872901473;
1215618408098227404;
15308082467940695330;
4791630039065610518;show;innov;
15170518529379757163;tempor;
3868220131191595583;
3534970285600298616;case studi;rang;form;valu;
11466774729580282800;tool;rang;framework;
12333204675336649030;surfac;zone;veget;ecosystem;temperatur;
7387498977280821494;be;rang;cost;valu;decis;
7407551635594378171;design;
18419650040388448277;simul;vulner;subject;
1806820797451085459;
4068723213522043679;
5262338330397019669;
6303024754645151471;classif;veget;
6959234858362246970;rang;
18251336532992925517;ident;valu;
9009134263900961819;food;diseas;
5517706624477683460;
12775734392832682525;simul;
6631506377592452348;veget;due;
8046274697358420472;estim;
6422479759888340728;test;
1638889724284237241;ident;theoret;state;
15949668047402176034;be;innov;
8037348407530070297;
9766225282383706085;zone;
3386069735568026816;literatur;
16162168471929726459;rang;theoret;framework;
56130085386446203;ident;
16444394825093920500;predict;qualiti;
5642362043032301427;be;knowledg;qualiti;literatur;
1016502434315600686;institut;innov;
1348940944769464954;locat;veget;
13103180883017430524;zone;site;tool;sens;
585118766076369621;
11156069784225254564;form;show;
11632612483149790157;
14495231685252939011;cost;
9766875415570999532;peopl;decis;
10020671819040138500;simul;cost;user;
8369142260323799306;simul;adapt;vulner;
6882095819571918604;knowledg;literatur;adapt;framework;vulner;
17316660445780602856;show;veget;qualiti;sens;
11993946615169947731;
15567325686694424181;state;
6935666708592553603;subject;same;
726663096495224232;
13411611054410005932;locat;same;due;
8631740846117403039;statu;diseas;
5437595076989925763;
12088358733862177405;be;rang;valu;
7976888532897584518;site;
18130061239138976231;predict;show;
14409269935136767311;
9023850495926443931;rang;classif;estim;
6688086291295240700;rang;simul;temperatur;adapt;
4196120671083458320;
7554745177542932587;
6782323438962531030;literatur;framework;
6779114464807194439;knowledg;form;be;
2361406351442265873;
16564459303356487996;site;knowledg;user;locat;
8377107873597675201;particip;
15394858838590317863;locat;tool;cost;
13703036957350568114;tool;literatur;theoret;
17369952945072172676;
6517369177517459582;zone;
16781310828629088044;
8812418830257570274;be;
10050171864916508471;locat;flow;simul;
18426833571451978517;particip;
13099438564929669371;classif;locat;site;
16605102736476798204;river;
8941475952933714286;
5217623711091031729;
4201599253755883642;predict;same;estim;
14759500605916382731;
667096344743133526;institut;
5380571440256080940;simul;
7461035986979595310;diseas;age;
15031304281502492768;
6986614420626807882;predict;temperatur;
9278421060653834012;state;adapt;vulner;
10263754243008014520;
16836419191531409247;show;knowledg;temperatur;form;
17548800013511341885;theoret;subject;
1572685096933810526;cost;valu;sens;
18237221135166070833;
987017548311281100;locat;knowledg;sens;
12813521501679240040;
3923179147096443303;
12960012121869458812;statu;food;age;particip;
8038266503306791951;
7392942010413295367;case studi;institut;form;show;tool;state;
2269081881849253784;statu;institut;peopl;qualiti;framework;
15625515351754719414;case studi;tool;
1839406893156647510;predict;rang;same;valu;
16076034088712186033;
17173028294405442962;user;subject;
16231227777695879985;show;due;theoret;
2219556963175601991;knowledg;veget;food;
4177166043576427738;rang;tempor;
8839547004993848068;
5810921038194724970;institut;knowledg;particip;
7209418130205624156;show;particip;estim;sens;
12607957938113467652;locat;zone;
2344515304890469163;institut;
12454592751777162238;
12325933641627177214;be;rang;valu;
6693464222928797404;flow;site;adapt;
17426688719372040986;veget;site;predict;
3729398305245337656;show;
10687151594166366399;test;cost;decis;
12075273365978254220;estim;
1119531450284971045;be;
4739764072646488364;
14688986500342596001;surfac;predict;food;veget;sens;
3879886018487904516;firm;
12321952706396367883;due;simul;
8455932684345715804;
496885644374830251;peopl;age;design;
16952376835734334852;site;cost;state;particip;locat;
17340944866175048952;show;flow;due;
6865281096935299400;peopl;age;vulner;
16285912342708227428;case studi;theoret;framework;
4278938148038404225;peopl;
15350275881005442918;classif;due;cost;
17637269255957086237;ident;subject;
4972157410869286502;predict;surfac;
15170096162495364275;be;user;
6903608303900345710;
17681570550838716681;
3046736357555850335;locat;veget;
18068092846487203160;be;knowledg;
10965393785200126827;firm;knowledg;framework;
3737520613281495532;framework;vulner;
7530469926588222513;site;tempor;
6270195169891565925;case studi;be;particip;user;
12204739730871293492;due;
5321184393868789724;
9036996452453747523;veget;tempor;tool;
2469671961145407560;particip;
7644356760911685869;vulner;
1486388364579097028;
11176148863934252420;
668349723855649886;diseas;peopl;
1487311365520505809;knowledg;predict;show;valu;
13044604629314283233;
10205170732115091485;
10794568238342692545;qualiti;test;
1017250682653674686;tool;framework;
5295446872317107953;
7535766897064862017;peopl;tempor;
7464398163544560483;
14264519588762440572;case studi;
6277344307197580550;subject;
6153241385309574536;case studi;statu;innov;
16901814037025688550;due;
8167908446836938226;same;test;select;
8040030645802797278;show;rang;cost;
9870150659402154222;rang;ident;ecosystem;vulner;
15351839951612062685;predict;sens;
17618471719143926617;case studi;site;tempor;select;
15230327809371361008;surfac;show;adapt;
2329825130637771672;
17254327755833959265;zone;due;site;
643691632916843398;knowledg;
5305142274017950032;due;
9264557522499376374;
11821088087116713657;
12178456379139737746;statu;estim;valu;
6119426468521975035;statu;
10354472058525903057;valu;
11069384260297185145;knowledg;
10974435719020735822;locat;
15910410284362960557;firm;knowledg;state;
1376260321172751619;estim;test;river;valu;
8938410933305123824;be;form;same;
7362344248456677646;be;due;simul;state;valu;
14379901811470655929;
17336818429991414484;state;subject;
4487381413762635215;due;same;
8130977974655263110;
2099808559622797056;state;
8893661772547531342;knowledg;framework;user;
14817877967561882851;user;valu;same;
14750953024812286666;
17959965091764070959;due;rang;literatur;same;surfac;
478405108049244281;temperatur;due;
12511774621455856655;case studi;
15420327741819256686;diseas;
17135549389995454887;
9011177800405190403;diseas;due;decis;user;
16153163397131900190;state;
10252674120720126368;zone;veget;due;design;test;locat;
10944917847163304933;theoret;site;
2929386458535285570;
10826429979334290361;peopl;
2502752574900686097;particip;state;
1802524260202017166;surfac;
4845132150792857744;
5712574574248608559;ident;institut;diseas;
17750080139229482016;
12111681296334963574;rang;adapt;
